date,symbol,side,qty,price
2025-05-05,US.CME,BUY,11,267.56630892417746
2025-05-05,US.PLTR,BUY,19,124.00925
2025-05-05,US.UBER,BUY,36,83.25762499999999
2025-05-05,US.BABA,BUY,13,122.1082507284375
2025-05-05,US.NFLX,BUY,1,111.75819874999999
2025-05-08,US.CME,SELL,11,269.88481927816497
2025-05-08,US.PLTR,SELL,19,111.9993
2025-05-08,US.UBER,SELL,36,83.66032500000001
2025-05-08,US.BABA,SELL,13,121.83942987037501
2025-05-08,US.NFLX,SELL,1,115.87159499900251
2025-05-12,US.CME,BUY,10,268.13995212184244
2025-05-12,US.MSTR,BUY,6,421.9723
2025-05-12,US.BABA,BUY,22,130.773052199155
2025-05-12,US.TIGR,BUY,168,10.235525
2025-05-15,US.CME,SELL,10,255.30609225912002
2025-05-15,US.BABA,SELL,22,122.7045044027775
2025-05-15,US.TIGR,SELL,168,9.4563
2025-05-15,US.STRL,BUY,14,186.475025
2025-05-15,US.SE,BUY,17,162.405
2025-05-15,US.SONY,BUY,58,24.9964363256825
2025-05-15,US.TME,BUY,1,16.236191099612498
2025-05-19,US.MSTR,SELL,6,391.82797500000004
2025-05-19,US.SONY,SELL,58,24.42585766761
2025-05-19,US.TME,SELL,1,15.892921105530002
2025-05-19,US.CME,BUY,10,264.93711093371
2025-05-19,US.FIX,BUY,2,462.33427036768745
2025-05-19,US.XPEV,BUY,10,19.929699999999997
2025-05-22,US.SE,SELL,17,160.69725
2025-05-22,US.XPEV,SELL,10,21.236775
2025-05-22,US.GEV,BUY,6,452.90649483851996
2025-05-22,US.NFLX,BUY,2,119.53809999999999
2025-05-29,US.CME,SELL,10,271.0929747964725
2025-05-29,US.MSTR,BUY,7,371.7119625
2025-06-02,US.NFLX,SELL,2,119.81970000000001
2025-06-02,US.MSTR,SELL,7,366.9652875
2025-06-02,US.ATI,BUY,34,80.26015
2025-06-09,US.NFLX,BUY,1,124.19772
2025-06-12,US.FIX,SELL,2,489.16964437635005
2025-06-12,US.NFLX,SELL,1,121.9533524990025
2025-06-12,US.HOOD,BUY,15,73.70981499999999
2025-06-16,US.GEV,SELL,6,477.50740087680003
2025-06-16,US.NFLX,BUY,24,121.52305
2025-06-23,US.NFLX,SELL,24,123.49299375
2025-06-23,US.MSFT,BUY,6,474.712922026195
2025-06-26,US.HOOD,SELL,15,83.201475
2025-06-26,US.STX,BUY,9,137.74898815216497
2025-06-26,US.WDC,BUY,2,62.61677866073249
2025-06-30,US.WDC,SELL,2,63.249236127210004
2025-07-03,US.STRL,SELL,14,228.1482
2025-07-03,US.WDC,BUY,48,65.89503937849248
2025-07-03,US.TTMI,BUY,4,41.954625
2025-07-07,US.ATI,SELL,34,86.6229
2025-07-07,US.STRL,BUY,12,236.34939999999997
2025-07-10,US.MSFT,SELL,6,496.88064105414
2025-07-10,US.STRL,SELL,12,234.47235
2025-07-10,US.ATI,BUY,35,88.53077499999999
2025-07-10,US.NVTS,BUY,435,6.4460749999999996
2025-07-21,US.NVTS,SELL,435,7.4613000000000005
2025-07-21,US.IREN,BUY,175,18.516174999999997
2025-07-24,US.STX,SELL,9,150.60590652166502
2025-07-24,US.TTMI,SELL,4,46.4436
2025-07-24,US.NVTS,BUY,174,8.8871625
2025-07-30,US.IREN,SELL,175,15.9550125
2025-07-30,US.NVTS,SELL,174,7.5460875000000005
2025-07-31,US.CRDO,BUY,26,118.26993749999998
2025-07-31,US.MSFT,BUY,1,551.1647228871725
2025-07-31,US.NVDA,BUY,2,182.90868977394499
2025-08-01,US.ATI,SELL,35,75.301275
2025-08-04,US.WDC,SELL,48,77.3410863777825
2025-08-04,US.MSFT,SELL,1,521.7913452924375
2025-08-04,US.NVDA,SELL,2,174.29466457173748
2025-08-04,US.NVTS,BUY,250,8.070125
2025-08-04,US.IREN,BUY,193,15.784362499999999
2025-08-04,US.HOOD,BUY,22,101.48207249999999
2025-08-06,US.NVTS,SELL,250,6.693225
2025-08-07,US.ORCL,BUY,6,255.44282280270497
2025-08-11,US.MP,BUY,2,75.11732500000001
2025-08-14,US.CRDO,SELL,26,119.15137500000002
2025-08-14,US.HOOD,SELL,22,107.6103
2025-08-14,US.ORCL,SELL,6,241.58412957204752
2025-08-14,US.NVTS,BUY,265,7.0977
2025-08-14,US.RKLB,BUY,73,42.866899999999994
2025-08-14,US.LITE,BUY,16,117.603275
2025-08-18,US.RKLB,SELL,73,44.18925
2025-08-18,US.LITE,SELL,16,116.15887500000001
2025-08-18,US.ORCL,BUY,13,244.0340808436275
2025-08-18,US.HOOD,BUY,17,113.2825
2025-08-20,US.NVTS,SELL,265,6.3590625
2025-08-21,US.HOOD,SELL,17,104.767425
2025-08-21,US.STX,BUY,19,157.33650848227998
2025-08-21,US.SOFI,BUY,22,22.4961
2025-08-25,US.IREN,SELL,193,21.246750000000002
2025-08-25,US.ORCL,SELL,13,234.08856155879252
2025-08-25,US.STX,SELL,19,157.3036795441125
2025-08-25,US.BE,BUY,66,48.571125
2025-08-25,US.FIX,BUY,4,691.281910280105
2025-08-25,US.ASTS,BUY,67,47.9596
2025-08-28,US.SOFI,SELL,22,24.95745
2025-08-28,US.ASTS,SELL,67,48.448575000000005
2025-08-28,US.GLW,BUY,50,66.702356438995
2025-08-28,US.IREN,BUY,62,22.9522375
2025-09-04,US.FIX,SELL,4,703.741596999
2025-09-04,US.GLW,SELL,50,68.8159036106325
2025-09-04,US.WDC,BUY,40,86.444707225975
2025-09-04,US.NEM,BUY,37,73.84327415785499
2025-09-05,US.MP,SELL,2,64.53825
2025-09-08,US.IREN,SELL,62,26.363925000000002
2025-09-08,US.MP,BUY,29,62.806625
2025-09-15,US.NEM,SELL,37,77.3883734817375
2025-09-15,US.GLW,BUY,37,77.2705235855325
2025-09-18,US.MP,SELL,29,67.89982499999999
2025-09-18,US.IREN,BUY,51,38.47595
