date,equity,cash,holdings
2025-03-24,10000.0,10000.0,0
2025-03-25,10000.0,10000.0,0
2025-03-26,10000.0,10000.0,0
2025-03-27,10000.0,10000.0,0
2025-03-28,10000.0,10000.0,0
2025-03-31,10000.0,10000.0,0
2025-04-01,10000.0,10000.0,0
2025-04-02,10000.0,10000.0,0
2025-04-03,10000.0,10000.0,0
2025-04-04,10000.0,10000.0,0
2025-04-07,10000.0,10000.0,0
2025-04-08,10000.0,10000.0,0
2025-04-09,10000.0,10000.0,0
2025-04-10,10000.0,10000.0,0
2025-04-11,10000.0,10000.0,0
2025-04-14,10000.0,10000.0,0
2025-04-15,10000.0,10000.0,0
2025-04-16,10000.0,10000.0,0
2025-04-17,10000.0,10000.0,0
2025-04-21,10000.0,10000.0,0
2025-04-22,10000.0,10000.0,0
2025-04-23,10000.0,10000.0,0
2025-04-24,10000.0,10000.0,0
2025-04-25,10000.0,10000.0,0
2025-04-28,10000.0,10000.0,0
2025-04-29,10000.0,10000.0,0
2025-04-30,10000.0,10000.0,0
2025-05-01,10000.0,10000.0,0
2025-05-02,10000.0,10000.0,0
2025-05-05,10112.221847331362,4.1548936143613275,5
2025-05-06,9861.908556982362,4.1548936143613275,5
2025-05-07,9779.165777870361,4.1548936143613275,5
2025-05-08,9812.430488988053,9812.430488988053,0
2025-05-09,9812.430488988053,9812.430488988053,0
2025-05-12,9526.276271626219,2.6218193882182277,4
2025-05-13,9588.609009340218,2.6218193882182277,4
2025-05-14,9554.292941478217,2.6218193882182277,4
2025-05-15,9223.084177035325,6.275390851326264,5
2025-05-16,9228.890223968327,6.275390851326264,5
2025-05-19,9174.82881560976,16.499256605761673,5
2025-05-20,9187.578399695762,16.499256605761673,5
2025-05-21,9178.536437815761,16.499256605761673,5
2025-05-22,9150.68047813864,4.205087574641766,5
2025-05-23,9251.244584992643,4.205087574641766,5
2025-05-27,9427.854383774642,4.205087574641766,5
2025-05-28,9457.708163822641,4.205087574641766,5
2025-05-29,9324.763528769367,113.15109803936639,5
2025-05-30,9354.201515431367,113.15109803936639,5
2025-06-02,9447.915871089366,192.70241053936616,4
2025-06-03,9637.860850259367,192.70241053936616,4
2025-06-04,9642.749058049367,192.70241053936616,4
2025-06-05,9633.428180173367,192.70241053936616,4
2025-06-06,9852.934263413366,192.70241053936616,4
2025-06-09,9779.534155107365,68.50469053936615,5
2025-06-10,9533.543127272367,68.50469053936615,5
2025-06-11,9788.845451777366,68.50469053936615,5
2025-06-12,9809.77083593307,63.150106791068765,4
2025-06-13,9745.94018134507,63.150106791068765,4
2025-06-16,9932.87131202787,11.641312051868681,4
2025-06-17,10044.339312051869,11.641312051868681,4
2025-06-18,10050.08731205187,11.641312051868681,4
2025-06-20,10001.105312051868,11.641312051868681,4
2025-06-23,10112.202716730699,127.19562989469887,4
2025-06-24,10340.621335302698,127.19562989469887,4
2025-06-25,10259.774477908699,127.19562989469887,4
2025-06-26,10462.42479456675,10.243304203749204,5
2025-06-27,10537.829530469748,10.243304203749204,5
2025-06-30,10546.101284186168,136.74177645816923,4
2025-07-01,10322.633749758168,136.74177645816923,4
2025-07-02,10523.86158429517,136.74177645816923,4
2025-07-03,10588.95753165653,0.0361862905295709,5
2025-07-07,10523.06200004353,109.0219862905301,5
2025-07-08,10307.58889950553,109.0219862905301,5
2025-07-09,10438.11559991453,109.0219862905301,5
2025-07-10,10385.01471966937,1.3542826153702663,5
2025-07-11,10322.940499862369,1.3542826153702663,5
2025-07-14,10436.31584404337,1.3542826153702663,5
2025-07-15,10602.82100102237,1.3542826153702663,5
2025-07-16,10499.16833681937,1.3542826153702663,5
2025-07-17,10670.53672358537,1.3542826153702663,5
2025-07-18,10989.29596610937,1.3542826153702663,5
2025-07-21,11247.057569544371,6.689157615370732,5
2025-07-22,11193.85537631137,6.689157615370732,5
2025-07-23,11489.79272874537,6.689157615370732,5
2025-07-24,11305.966317326356,1.5504413103558363,4
2025-07-25,11250.035335390356,1.5504413103558363,4
2025-07-28,11036.961395486356,1.5504413103558363,4
2025-07-29,10746.165623950355,1.5504413103558363,4
2025-07-30,10823.373062498355,4106.696853810356,2
2025-07-31,10356.746857462294,114.69637637529348,5
2025-08-01,10075.664193229293,2750.2410013752933,4
2025-08-04,10551.955014444768,36.47501444476666,4
2025-08-05,10091.485014444766,36.47501444476666,4
2025-08-06,10620.681264444767,1709.7812644447667,3
2025-08-07,10801.951736984538,177.124327628537,4
2025-08-08,10873.887110856538,177.124327628537,4
2025-08-11,10721.934632502536,26.889677628536987,5
2025-08-12,10893.834846398535,26.889677628536987,5
2025-08-13,10587.169362926536,26.889677628536987,5
2025-08-14,10765.830205060824,49.93020506082348,5
2025-08-15,10919.430205060824,49.93020506082348,5
2025-08-18,11127.338171007666,36.04190409366652,5
2025-08-19,10336.650094738667,36.04190409366652,5
2025-08-20,10483.337197271669,1721.1934665936667,4
2025-08-21,10358.889087049347,17.93183043034719,5
2025-08-22,10878.521534237347,17.93183043034719,5
2025-08-25,11053.121045356365,966.3607009123662,5
2025-08-26,11168.288545984366,966.3607009123662,5
2025-08-27,11080.648601596367,966.3607009123662,5
2025-08-28,11512.500585682617,3.322578962617172,5
2025-08-29,11411.698525432617,3.322578962617172,5
2025-09-02,11514.495054468616,3.322578962617172,5
2025-09-03,11580.081982750618,3.322578962617172,5
2025-09-04,11799.250163072607,69.09471461060821,5
2025-09-05,12052.937697971609,198.17121461060822,4
2025-09-08,11858.620219183607,11.34243961060838,4
2025-09-09,12030.18866703661,11.34243961060838,4
2025-09-10,12646.129950158609,11.34243961060838,4
2025-09-11,13038.85633482161,11.34243961060838,4
2025-09-12,13096.421389085608,11.34243961060838,4
2025-09-15,13299.572628419193,15.702885770193461,4
2025-09-16,13768.910179597195,15.702885770193461,4
2025-09-17,14061.462492574195,15.702885770193461,4
2025-09-18,14337.503933186192,22.524360770193425,4
2025-09-19,14774.072890195195,22.524360770193425,4
2025-09-22,15244.870326170194,22.524360770193425,4
2025-09-23,14632.752639348193,22.524360770193425,4
