symbol,entry_time,exit_time,entry_value,exit_value,pnl,return_pct,exit_reason
SOXL,2026-06-23 09:30:00-04:00,2026-06-24 09:30:00-04:00,94966.87199999999,93616.51002511597,-1350.3619748840138,-1.4219295070432736,regime_switch
SOXS,2026-06-24 09:30:00-04:00,2026-06-26 09:30:00-04:00,93693.59999999998,94324.57743301392,630.977433013948,0.6734477413760986,regime_switch
SOXL,2026-07-01 09:30:00-04:00,2026-07-02 09:30:00-04:00,94257.0243116455,86728.26322979736,-7528.7610818481335,-7.98748012345002,regime_switch
SOXS,2026-07-06 09:30:00-04:00,2026-07-07 09:30:00-04:00,87136.854652565,101562.336,14425.481347434994,16.55497137801538,regime_switch
SOXL,2026-07-13 09:30:00-04:00,2026-07-14 09:30:00-04:00,100850.72032252501,108188.83427728272,7338.113954757704,7.276213725881275,regime_switch
SOXS,2026-07-20 09:30:00-04:00,2026-07-21 09:30:00-04:00,107811.4608677063,97401.86096072388,-10409.599906982417,-9.655374134811023,regime_switch
SOXS,2026-07-24 09:30:00-04:00,2026-07-28 09:30:00-04:00,97920.13979183958,126661.52915689087,28741.38936505129,29.351867170686496,regime_switch
SOXS,2026-07-30 09:30:00-04:00,2026-07-31 09:30:00-04:00,125222.80675827406,97666.62497678374,-27556.18178149032,-22.005721237892274,regime_switch
SOXL,2026-08-03 09:30:00-04:00,2026-08-07 09:30:00-04:00,99030.73322354125,132183.7250965576,33152.99187301636,33.47747794432703,regime_switch
