time,equity,held
2026-06-22 09:30:00-04:00,100000.0,CASH
2026-06-22 10:30:00-04:00,100000.0,CASH
2026-06-22 11:30:00-04:00,100000.0,CASH
2026-06-22 12:30:00-04:00,100000.0,CASH
2026-06-22 13:30:00-04:00,100000.0,CASH
2026-06-22 14:30:00-04:00,100000.0,CASH
2026-06-22 15:30:00-04:00,100000.0,CASH
2026-06-23 09:30:00-04:00,103738.19947216798,SOXL
2026-06-23 10:30:00-04:00,98088.08628247071,SOXL
2026-06-23 11:30:00-04:00,100910.12800000001,SOXL
2026-06-23 12:30:00-04:00,100524.2053010254,SOXL
2026-06-23 13:30:00-04:00,98192.61020825196,SOXL
2026-06-23 14:30:00-04:00,98401.64579174806,SOXL
2026-06-23 15:30:00-04:00,97828.80069897462,SOXL
2026-06-24 09:30:00-04:00,100893.6903841248,SOXS
2026-06-24 10:30:00-04:00,99728.37673971562,SOXS
2026-06-24 11:30:00-04:00,98907.03266928105,SOXS
2026-06-24 12:30:00-04:00,105105.69752523808,SOXS
2026-06-24 13:30:00-04:00,102531.69216940312,SOXS
2026-06-24 14:30:00-04:00,104640.04338095097,SOXS
2026-06-24 15:30:00-04:00,100194.03981039433,SOXS
2026-06-25 09:30:00-04:00,96216.03802511601,SOXS
2026-06-25 10:30:00-04:00,94112.38209555058,SOXS
2026-06-25 11:30:00-04:00,88955.01652548222,SOXS
2026-06-25 12:30:00-04:00,88845.03445455937,SOXS
2026-06-25 13:30:00-04:00,88962.03266928105,SOXS
2026-06-25 14:30:00-04:00,91526.67424032597,SOXS
2026-06-25 15:30:00-04:00,89781.03802511601,SOXS
2026-06-26 09:30:00-04:00,99280.61545812993,CASH
2026-06-26 10:30:00-04:00,99280.61545812993,CASH
2026-06-26 11:30:00-04:00,99280.61545812993,CASH
2026-06-26 12:30:00-04:00,99280.61545812993,CASH
2026-06-26 13:30:00-04:00,99280.61545812993,CASH
2026-06-26 14:30:00-04:00,99280.61545812993,CASH
2026-06-26 15:30:00-04:00,99280.61545812993,CASH
2026-06-29 09:30:00-04:00,99280.61545812993,CASH
2026-06-29 10:30:00-04:00,99280.61545812993,CASH
2026-06-29 11:30:00-04:00,99280.61545812993,CASH
2026-06-29 12:30:00-04:00,99280.61545812993,CASH
2026-06-29 13:30:00-04:00,99280.61545812993,CASH
2026-06-29 14:30:00-04:00,99280.61545812993,CASH
2026-06-29 15:30:00-04:00,99280.61545812993,CASH
2026-06-30 09:30:00-04:00,99280.61545812993,CASH
2026-06-30 10:30:00-04:00,99280.61545812993,CASH
2026-06-30 11:30:00-04:00,99280.61545812993,CASH
2026-06-30 12:30:00-04:00,99280.61545812993,CASH
2026-06-30 13:30:00-04:00,99280.61545812993,CASH
2026-06-30 14:30:00-04:00,99280.61545812993,CASH
2026-06-30 15:30:00-04:00,99280.61545812993,CASH
2026-07-01 09:30:00-04:00,99136.95259667975,SOXL
2026-07-01 10:30:00-04:00,96557.01283837897,SOXL
2026-07-01 11:30:00-04:00,95204.71175195319,SOXL
2026-07-01 12:30:00-04:00,93561.2718715821,SOXL
2026-07-01 13:30:00-04:00,92155.470663086,SOXL
2026-07-01 14:30:00-04:00,94309.74788476569,SOXL
2026-07-01 15:30:00-04:00,91181.31404687506,SOXL
2026-07-02 09:30:00-04:00,91751.8543762818,CASH
2026-07-02 10:30:00-04:00,91751.8543762818,CASH
2026-07-02 11:30:00-04:00,91751.8543762818,CASH
2026-07-02 12:30:00-04:00,91751.8543762818,CASH
2026-07-02 13:30:00-04:00,91751.8543762818,CASH
2026-07-02 14:30:00-04:00,91751.8543762818,CASH
2026-07-02 15:30:00-04:00,91751.8543762818,CASH
2026-07-06 09:30:00-04:00,86157.9997237168,SOXS
2026-07-06 10:30:00-04:00,87534.70295552832,SOXS
2026-07-06 11:30:00-04:00,88275.9997237168,SOXS
2026-07-06 12:30:00-04:00,91347.09326009375,SOXS
2026-07-06 13:30:00-04:00,91452.9997237168,SOXS
2026-07-06 14:30:00-04:00,89970.40618733985,SOXS
2026-07-06 15:30:00-04:00,92829.70295552832,SOXS
2026-07-07 09:30:00-04:00,106177.3357237168,CASH
2026-07-07 10:30:00-04:00,106177.3357237168,CASH
2026-07-07 11:30:00-04:00,106177.3357237168,CASH
2026-07-07 12:30:00-04:00,106177.3357237168,CASH
2026-07-07 13:30:00-04:00,106177.3357237168,CASH
2026-07-07 14:30:00-04:00,106177.3357237168,CASH
2026-07-07 15:30:00-04:00,106177.3357237168,CASH
2026-07-08 09:30:00-04:00,106177.3357237168,CASH
2026-07-08 10:30:00-04:00,106177.3357237168,CASH
2026-07-08 11:30:00-04:00,106177.3357237168,CASH
2026-07-08 12:30:00-04:00,106177.3357237168,CASH
2026-07-08 13:30:00-04:00,106177.3357237168,CASH
2026-07-08 14:30:00-04:00,106177.3357237168,CASH
2026-07-08 15:30:00-04:00,106177.3357237168,CASH
2026-07-09 09:30:00-04:00,106177.3357237168,CASH
2026-07-09 10:30:00-04:00,106177.3357237168,CASH
2026-07-09 11:30:00-04:00,106177.3357237168,CASH
2026-07-09 12:30:00-04:00,106177.3357237168,CASH
2026-07-09 13:30:00-04:00,106177.3357237168,CASH
2026-07-09 14:30:00-04:00,106177.3357237168,CASH
2026-07-09 15:30:00-04:00,106177.3357237168,CASH
2026-07-10 09:30:00-04:00,106177.3357237168,CASH
2026-07-10 10:30:00-04:00,106177.3357237168,CASH
2026-07-10 11:30:00-04:00,106177.3357237168,CASH
2026-07-10 12:30:00-04:00,106177.3357237168,CASH
2026-07-10 13:30:00-04:00,106177.3357237168,CASH
2026-07-10 14:30:00-04:00,106177.3357237168,CASH
2026-07-10 15:30:00-04:00,106177.3357237168,CASH
2026-07-13 09:30:00-04:00,106947.85258380897,SOXL
2026-07-13 10:30:00-04:00,105966.95434467323,SOXL
2026-07-13 11:30:00-04:00,101749.08575336463,SOXL
2026-07-13 12:30:00-04:00,100191.18751422889,SOXL
2026-07-13 13:30:00-04:00,99585.33575336463,SOXL
2026-07-13 14:30:00-04:00,99296.83575336463,SOXL
2026-07-13 15:30:00-04:00,100745.10258380897,SOXL
2026-07-14 09:30:00-04:00,113515.4496784745,CASH
2026-07-14 10:30:00-04:00,113515.4496784745,CASH
2026-07-14 11:30:00-04:00,113515.4496784745,CASH
2026-07-14 12:30:00-04:00,113515.4496784745,CASH
2026-07-14 13:30:00-04:00,113515.4496784745,CASH
2026-07-14 14:30:00-04:00,113515.4496784745,CASH
2026-07-14 15:30:00-04:00,113515.4496784745,CASH
2026-07-15 09:30:00-04:00,113515.4496784745,CASH
2026-07-15 10:30:00-04:00,113515.4496784745,CASH
2026-07-15 11:30:00-04:00,113515.4496784745,CASH
2026-07-15 12:30:00-04:00,113515.4496784745,CASH
2026-07-15 13:30:00-04:00,113515.4496784745,CASH
2026-07-15 14:30:00-04:00,113515.4496784745,CASH
2026-07-15 15:30:00-04:00,113515.4496784745,CASH
2026-07-16 09:30:00-04:00,113515.4496784745,CASH
2026-07-16 10:30:00-04:00,113515.4496784745,CASH
2026-07-16 11:30:00-04:00,113515.4496784745,CASH
2026-07-16 12:30:00-04:00,113515.4496784745,CASH
2026-07-16 13:30:00-04:00,113515.4496784745,CASH
2026-07-16 14:30:00-04:00,113515.4496784745,CASH
2026-07-16 15:30:00-04:00,113515.4496784745,CASH
2026-07-17 09:30:00-04:00,113515.4496784745,CASH
2026-07-17 10:30:00-04:00,113515.4496784745,CASH
2026-07-17 11:30:00-04:00,113515.4496784745,CASH
2026-07-17 12:30:00-04:00,113515.4496784745,CASH
2026-07-17 13:30:00-04:00,113515.4496784745,CASH
2026-07-17 14:30:00-04:00,113515.4496784745,CASH
2026-07-17 15:30:00-04:00,113515.4496784745,CASH
2026-07-20 09:30:00-04:00,112629.26816867836,SOXS
2026-07-20 10:30:00-04:00,113786.46656345375,SOXS
2026-07-20 11:30:00-04:00,112671.34913181313,SOXS
2026-07-20 12:30:00-04:00,115133.02527927406,SOXS
2026-07-20 13:30:00-04:00,115595.90784763344,SOXS
2026-07-20 14:30:00-04:00,118059.90354465492,SOXS
2026-07-20 15:30:00-04:00,119193.74592136391,SOXS
2026-07-21 09:30:00-04:00,103105.84977149208,CASH
2026-07-21 10:30:00-04:00,103105.84977149208,CASH
2026-07-21 11:30:00-04:00,103105.84977149208,CASH
2026-07-21 12:30:00-04:00,103105.84977149208,CASH
2026-07-21 13:30:00-04:00,103105.84977149208,CASH
2026-07-21 14:30:00-04:00,103105.84977149208,CASH
2026-07-21 15:30:00-04:00,103105.84977149208,CASH
2026-07-22 09:30:00-04:00,103105.84977149208,CASH
2026-07-22 10:30:00-04:00,103105.84977149208,CASH
2026-07-22 11:30:00-04:00,103105.84977149208,CASH
2026-07-22 12:30:00-04:00,103105.84977149208,CASH
2026-07-22 13:30:00-04:00,103105.84977149208,CASH
2026-07-22 14:30:00-04:00,103105.84977149208,CASH
2026-07-22 15:30:00-04:00,103105.84977149208,CASH
2026-07-23 09:30:00-04:00,103105.84977149208,CASH
2026-07-23 10:30:00-04:00,103105.84977149208,CASH
2026-07-23 11:30:00-04:00,103105.84977149208,CASH
2026-07-23 12:30:00-04:00,103105.84977149208,CASH
2026-07-23 13:30:00-04:00,103105.84977149208,CASH
2026-07-23 14:30:00-04:00,103105.84977149208,CASH
2026-07-23 15:30:00-04:00,103105.84977149208,CASH
2026-07-24 09:30:00-04:00,108139.1465069047,SOXS
2026-07-24 10:30:00-04:00,108552.94808542643,SOXS
2026-07-24 11:30:00-04:00,106816.64521753702,SOXS
2026-07-24 12:30:00-04:00,107394.31313669596,SOXS
2026-07-24 13:30:00-04:00,110921.95403253946,SOXS
2026-07-24 14:30:00-04:00,112566.81313669596,SOXS
2026-07-24 15:30:00-04:00,111966.80124246988,SOXS
2026-07-27 09:30:00-04:00,124380.80124246988,SOXS
2026-07-27 10:30:00-04:00,126573.93619120035,SOXS
2026-07-27 11:30:00-04:00,122435.93619120035,SOXS
2026-07-27 12:30:00-04:00,125746.34092676554,SOXS
2026-07-27 13:30:00-04:00,123347.54038202677,SOXS
2026-07-27 14:30:00-04:00,117491.24055445108,SOXS
2026-07-27 15:30:00-04:00,118825.53340113077,SOXS
2026-07-28 09:30:00-04:00,131847.23913654336,CASH
2026-07-28 10:30:00-04:00,131847.23913654336,CASH
2026-07-28 11:30:00-04:00,131847.23913654336,CASH
2026-07-28 12:30:00-04:00,131847.23913654336,CASH
2026-07-28 13:30:00-04:00,131847.23913654336,CASH
2026-07-28 14:30:00-04:00,131847.23913654336,CASH
2026-07-28 15:30:00-04:00,131847.23913654336,CASH
2026-07-29 09:30:00-04:00,131847.23913654336,CASH
2026-07-29 10:30:00-04:00,131847.23913654336,CASH
2026-07-29 11:30:00-04:00,131847.23913654336,CASH
2026-07-29 12:30:00-04:00,131847.23913654336,CASH
2026-07-29 13:30:00-04:00,131847.23913654336,CASH
2026-07-29 14:30:00-04:00,131847.23913654336,CASH
2026-07-29 15:30:00-04:00,131847.23913654336,CASH
2026-07-30 09:30:00-04:00,115199.61054751978,SOXS
2026-07-30 10:30:00-04:00,122147.17015979395,SOXS
2026-07-30 11:30:00-04:00,119021.29086444483,SOXS
2026-07-30 12:30:00-04:00,118969.36269519434,SOXS
2026-07-30 13:30:00-04:00,120495.95896289454,SOXS
2026-07-30 14:30:00-04:00,119363.9898428689,SOXS
2026-07-30 15:30:00-04:00,118616.26857516871,SOXS
2026-07-31 09:30:00-04:00,104291.05735505304,CASH
2026-07-31 10:30:00-04:00,104291.05735505304,CASH
2026-07-31 11:30:00-04:00,104291.05735505304,CASH
2026-07-31 12:30:00-04:00,104291.05735505304,CASH
2026-07-31 13:30:00-04:00,104291.05735505304,CASH
2026-07-31 14:30:00-04:00,104291.05735505304,CASH
2026-07-31 15:30:00-04:00,104291.05735505304,CASH
2026-08-03 09:30:00-04:00,109141.04327824031,SOXL
2026-08-03 10:30:00-04:00,108609.80356266414,SOXL
2026-08-03 11:30:00-04:00,111601.89957096492,SOXL
2026-08-03 12:30:00-04:00,112431.002140545,SOXL
2026-08-03 13:30:00-04:00,113372.32413151179,SOXL
2026-08-03 14:30:00-04:00,113829.002140545,SOXL
2026-08-03 15:30:00-04:00,114043.3652692071,SOXL
2026-08-04 09:30:00-04:00,130672.20438053523,SOXL
2026-08-04 10:30:00-04:00,132867.4301495782,SOXL
2026-08-04 11:30:00-04:00,134752.40640690242,SOXL
2026-08-04 12:30:00-04:00,136443.98868229304,SOXL
2026-08-04 13:30:00-04:00,136840.07730533992,SOXL
2026-08-04 14:30:00-04:00,136951.92697575007,SOXL
2026-08-04 15:30:00-04:00,135880.11844303523,SOXL
2026-08-05 09:30:00-04:00,131248.07730533992,SOXL
2026-08-05 10:30:00-04:00,129477.28299381648,SOXL
2026-08-05 11:30:00-04:00,133745.84470035945,SOXL
2026-08-05 12:30:00-04:00,130889.26242496882,SOXL
2026-08-05 13:30:00-04:00,132105.52981998835,SOXL
2026-08-05 14:30:00-04:00,133046.84470035945,SOXL
2026-08-05 15:30:00-04:00,127916.1801495782,SOXL
2026-08-06 09:30:00-04:00,132948.98868229304,SOXL
2026-08-06 10:30:00-04:00,134221.15958073054,SOXL
2026-08-06 11:30:00-04:00,129281.47140934382,SOXL
2026-08-06 12:30:00-04:00,132068.24185612117,SOXL
2026-08-06 13:30:00-04:00,132894.9339337579,SOXL
2026-08-06 14:30:00-04:00,130997.65634586726,SOXL
2026-08-06 15:30:00-04:00,128713.05038883601,SOXL
2026-08-07 09:30:00-04:00,137444.0492280694,CASH
2026-08-07 10:30:00-04:00,137444.0492280694,CASH
2026-08-07 11:30:00-04:00,137444.0492280694,CASH
2026-08-07 12:30:00-04:00,137444.0492280694,CASH
2026-08-07 13:30:00-04:00,137444.0492280694,CASH
2026-08-07 14:30:00-04:00,137444.0492280694,CASH
2026-08-07 15:30:00-04:00,137444.0492280694,CASH
2026-08-10 09:30:00-04:00,137444.0492280694,CASH
2026-08-10 10:30:00-04:00,137444.0492280694,CASH
2026-08-10 11:30:00-04:00,137444.0492280694,CASH
2026-08-10 12:30:00-04:00,137444.0492280694,CASH
2026-08-10 13:30:00-04:00,137444.0492280694,CASH
2026-08-10 14:30:00-04:00,137444.0492280694,CASH
2026-08-10 15:30:00-04:00,137444.0492280694,CASH
2026-08-11 09:30:00-04:00,137444.0492280694,CASH
2026-08-11 10:30:00-04:00,137444.0492280694,CASH
2026-08-11 11:30:00-04:00,137444.0492280694,CASH
2026-08-11 12:30:00-04:00,137444.0492280694,CASH
2026-08-11 13:30:00-04:00,137444.0492280694,CASH
2026-08-11 14:30:00-04:00,137444.0492280694,CASH
2026-08-11 15:30:00-04:00,137444.0492280694,CASH
2026-08-12 09:30:00-04:00,137444.0492280694,CASH
2026-08-12 10:30:00-04:00,137444.0492280694,CASH
2026-08-12 11:30:00-04:00,137444.0492280694,CASH
2026-08-12 12:30:00-04:00,137444.0492280694,CASH
2026-08-12 13:30:00-04:00,137444.0492280694,CASH
2026-08-12 14:30:00-04:00,137444.0492280694,CASH
2026-08-12 15:30:00-04:00,137444.0492280694,CASH
2026-08-13 09:30:00-04:00,137444.0492280694,CASH
2026-08-13 10:30:00-04:00,137444.0492280694,CASH
2026-08-13 11:30:00-04:00,137444.0492280694,CASH
2026-08-13 12:30:00-04:00,137444.0492280694,CASH
2026-08-13 13:30:00-04:00,137444.0492280694,CASH
2026-08-13 14:30:00-04:00,137444.0492280694,CASH
2026-08-13 15:30:00-04:00,137444.0492280694,CASH
2026-08-14 09:30:00-04:00,137444.0492280694,CASH
2026-08-14 10:30:00-04:00,137444.0492280694,CASH
2026-08-14 11:30:00-04:00,137444.0492280694,CASH
2026-08-14 12:30:00-04:00,137444.0492280694,CASH
2026-08-14 13:30:00-04:00,137444.0492280694,CASH
2026-08-14 14:30:00-04:00,137444.0492280694,CASH
2026-08-14 15:30:00-04:00,137444.0492280694,CASH
2026-08-17 09:30:00-04:00,137444.0492280694,CASH
2026-08-17 10:30:00-04:00,137444.0492280694,CASH
2026-08-17 11:30:00-04:00,137444.0492280694,CASH
2026-08-17 12:30:00-04:00,137444.0492280694,CASH
2026-08-17 13:30:00-04:00,137444.0492280694,CASH
2026-08-17 14:30:00-04:00,137444.0492280694,CASH
2026-08-17 15:30:00-04:00,137444.0492280694,CASH
2026-08-18 09:30:00-04:00,137444.0492280694,CASH
2026-08-18 10:30:00-04:00,137444.0492280694,CASH
2026-08-18 11:30:00-04:00,137444.0492280694,CASH
2026-08-18 12:30:00-04:00,137444.0492280694,CASH
2026-08-18 13:30:00-04:00,137444.0492280694,CASH
2026-08-18 14:30:00-04:00,137444.0492280694,CASH
2026-08-18 15:30:00-04:00,137444.0492280694,CASH
2026-08-19 09:30:00-04:00,137444.0492280694,CASH
2026-08-19 10:30:00-04:00,137444.0492280694,CASH
2026-08-19 11:30:00-04:00,137444.0492280694,CASH
2026-08-19 12:30:00-04:00,137444.0492280694,CASH
2026-08-19 13:30:00-04:00,137444.0492280694,CASH
2026-08-19 14:30:00-04:00,137444.0492280694,CASH
2026-08-19 15:30:00-04:00,137444.0492280694,CASH
2026-08-20 09:30:00-04:00,137444.0492280694,CASH
2026-08-20 10:30:00-04:00,137444.0492280694,CASH
2026-08-20 11:30:00-04:00,137444.0492280694,CASH
2026-08-20 12:30:00-04:00,137444.0492280694,CASH
2026-08-20 13:30:00-04:00,137444.0492280694,CASH
2026-08-20 14:30:00-04:00,137444.0492280694,CASH
2026-08-20 15:30:00-04:00,137444.0492280694,CASH
2026-08-21 09:30:00-04:00,137444.0492280694,CASH
2026-08-21 10:30:00-04:00,137444.0492280694,CASH
2026-08-21 11:30:00-04:00,137444.0492280694,CASH
2026-08-21 12:30:00-04:00,137444.0492280694,CASH
2026-08-21 13:30:00-04:00,137444.0492280694,CASH
2026-08-21 14:30:00-04:00,137444.0492280694,CASH
2026-08-21 15:30:00-04:00,137444.0492280694,CASH
2026-08-24 09:30:00-04:00,137444.0492280694,CASH
2026-08-24 10:30:00-04:00,137444.0492280694,CASH
2026-08-24 11:30:00-04:00,137444.0492280694,CASH
2026-08-24 12:30:00-04:00,137444.0492280694,CASH
2026-08-24 13:30:00-04:00,137444.0492280694,CASH
2026-08-24 14:30:00-04:00,137444.0492280694,CASH
2026-08-24 15:30:00-04:00,137444.0492280694,CASH
2026-08-25 09:30:00-04:00,137444.0492280694,CASH
2026-08-25 10:30:00-04:00,137444.0492280694,CASH
2026-08-25 11:30:00-04:00,137444.0492280694,CASH
2026-08-25 12:30:00-04:00,137444.0492280694,CASH
2026-08-25 13:30:00-04:00,137444.0492280694,CASH
2026-08-25 14:30:00-04:00,137444.0492280694,CASH
2026-08-25 15:30:00-04:00,137444.0492280694,CASH
2026-08-26 09:30:00-04:00,137444.0492280694,CASH
2026-08-26 10:30:00-04:00,137444.0492280694,CASH
2026-08-26 11:30:00-04:00,137444.0492280694,CASH
2026-08-26 12:30:00-04:00,137444.0492280694,CASH
2026-08-26 13:30:00-04:00,137444.0492280694,CASH
2026-08-26 14:30:00-04:00,137444.0492280694,CASH
2026-08-26 15:30:00-04:00,137444.0492280694,CASH
2026-08-27 09:30:00-04:00,137444.0492280694,CASH
2026-08-27 10:30:00-04:00,137444.0492280694,CASH
2026-08-27 11:30:00-04:00,137444.0492280694,CASH
2026-08-27 12:30:00-04:00,137444.0492280694,CASH
2026-08-27 13:30:00-04:00,137444.0492280694,CASH
2026-08-27 14:30:00-04:00,137444.0492280694,CASH
2026-08-27 15:30:00-04:00,137444.0492280694,CASH
2026-08-28 09:30:00-04:00,137444.0492280694,CASH
2026-08-28 10:30:00-04:00,137444.0492280694,CASH
2026-08-28 11:30:00-04:00,137444.0492280694,CASH
2026-08-28 12:30:00-04:00,137444.0492280694,CASH
2026-08-28 13:30:00-04:00,137444.0492280694,CASH
2026-08-28 14:30:00-04:00,137444.0492280694,CASH
2026-08-28 15:30:00-04:00,137444.0492280694,CASH
2026-08-31 09:30:00-04:00,137444.0492280694,CASH
2026-08-31 10:30:00-04:00,137444.0492280694,CASH
2026-08-31 11:30:00-04:00,137444.0492280694,CASH
2026-08-31 12:30:00-04:00,137444.0492280694,CASH
2026-08-31 13:30:00-04:00,137444.0492280694,CASH
2026-08-31 14:30:00-04:00,137444.0492280694,CASH
2026-08-31 15:30:00-04:00,137444.0492280694,CASH
2026-09-01 09:30:00-04:00,137444.0492280694,CASH
2026-09-01 10:30:00-04:00,137444.0492280694,CASH
2026-09-01 11:30:00-04:00,137444.0492280694,CASH
2026-09-01 12:30:00-04:00,137444.0492280694,CASH
2026-09-01 13:30:00-04:00,137444.0492280694,CASH
2026-09-01 14:30:00-04:00,137444.0492280694,CASH
2026-09-01 15:30:00-04:00,137444.0492280694,CASH
2026-09-02 09:30:00-04:00,137444.0492280694,CASH
2026-09-02 10:30:00-04:00,137444.0492280694,CASH
2026-09-02 11:30:00-04:00,137444.0492280694,CASH
2026-09-02 12:30:00-04:00,137444.0492280694,CASH
2026-09-02 13:30:00-04:00,137444.0492280694,CASH
2026-09-02 14:30:00-04:00,137444.0492280694,CASH
2026-09-02 15:30:00-04:00,137444.0492280694,CASH
2026-09-03 09:30:00-04:00,137444.0492280694,CASH
2026-09-03 10:30:00-04:00,137444.0492280694,CASH
2026-09-03 11:30:00-04:00,137444.0492280694,CASH
2026-09-03 12:30:00-04:00,137444.0492280694,CASH
2026-09-03 13:30:00-04:00,137444.0492280694,CASH
2026-09-03 14:30:00-04:00,137444.0492280694,CASH
2026-09-03 15:30:00-04:00,137444.0492280694,CASH
2026-09-04 09:30:00-04:00,137444.0492280694,CASH
2026-09-04 10:30:00-04:00,137444.0492280694,CASH
2026-09-04 11:30:00-04:00,137444.0492280694,CASH
2026-09-04 12:30:00-04:00,137444.0492280694,CASH
2026-09-04 13:30:00-04:00,137444.0492280694,CASH
2026-09-04 14:30:00-04:00,137444.0492280694,CASH
2026-09-04 15:30:00-04:00,137444.0492280694,CASH
2026-09-08 09:30:00-04:00,137444.0492280694,CASH
2026-09-08 10:30:00-04:00,137444.0492280694,CASH
2026-09-08 11:30:00-04:00,137444.0492280694,CASH
2026-09-08 12:30:00-04:00,137444.0492280694,CASH
2026-09-08 13:30:00-04:00,137444.0492280694,CASH
2026-09-08 14:30:00-04:00,137444.0492280694,CASH
2026-09-08 15:30:00-04:00,137444.0492280694,CASH
2026-09-09 09:30:00-04:00,137444.0492280694,CASH
2026-09-09 10:30:00-04:00,137444.0492280694,CASH
2026-09-09 11:30:00-04:00,137444.0492280694,CASH
2026-09-09 12:30:00-04:00,137444.0492280694,CASH
2026-09-09 13:30:00-04:00,137444.0492280694,CASH
2026-09-09 14:30:00-04:00,137444.0492280694,CASH
2026-09-09 15:30:00-04:00,137444.0492280694,CASH
2026-09-10 09:30:00-04:00,137444.0492280694,CASH
2026-09-10 10:30:00-04:00,137444.0492280694,CASH
2026-09-10 11:30:00-04:00,137444.0492280694,CASH
2026-09-10 12:30:00-04:00,137444.0492280694,CASH
2026-09-10 13:30:00-04:00,137444.0492280694,CASH
2026-09-10 14:30:00-04:00,137444.0492280694,CASH
2026-09-10 15:30:00-04:00,137444.0492280694,CASH
2026-09-11 09:30:00-04:00,137444.0492280694,CASH
2026-09-11 10:30:00-04:00,137444.0492280694,CASH
2026-09-11 11:30:00-04:00,137444.0492280694,CASH
2026-09-11 12:30:00-04:00,137444.0492280694,CASH
2026-09-11 13:30:00-04:00,137444.0492280694,CASH
2026-09-11 14:30:00-04:00,137444.0492280694,CASH
2026-09-11 15:30:00-04:00,137444.0492280694,CASH
2026-09-14 09:30:00-04:00,137444.0492280694,CASH
2026-09-14 10:30:00-04:00,137444.0492280694,CASH
2026-09-14 11:30:00-04:00,137444.0492280694,CASH
2026-09-14 12:30:00-04:00,137444.0492280694,CASH
2026-09-14 13:30:00-04:00,137444.0492280694,CASH
2026-09-14 14:30:00-04:00,137444.0492280694,CASH
2026-09-14 15:30:00-04:00,137444.0492280694,CASH
2026-09-15 09:30:00-04:00,137444.0492280694,CASH
2026-09-15 10:30:00-04:00,137444.0492280694,CASH
2026-09-15 11:30:00-04:00,137444.0492280694,CASH
2026-09-15 12:30:00-04:00,137444.0492280694,CASH
2026-09-15 13:30:00-04:00,137444.0492280694,CASH
2026-09-15 14:30:00-04:00,137444.0492280694,CASH
2026-09-15 15:30:00-04:00,137444.0492280694,CASH
2026-09-16 09:30:00-04:00,137444.0492280694,CASH
2026-09-16 10:30:00-04:00,137444.0492280694,CASH
2026-09-16 11:30:00-04:00,137444.0492280694,CASH
2026-09-16 12:30:00-04:00,137444.0492280694,CASH
2026-09-16 13:30:00-04:00,137444.0492280694,CASH
2026-09-16 14:30:00-04:00,137444.0492280694,CASH
2026-09-16 15:30:00-04:00,137444.0492280694,CASH
2026-09-17 09:30:00-04:00,137444.0492280694,CASH
2026-09-17 10:30:00-04:00,137444.0492280694,CASH
2026-09-17 11:30:00-04:00,137444.0492280694,CASH
2026-09-17 12:30:00-04:00,137444.0492280694,CASH
2026-09-17 13:30:00-04:00,137444.0492280694,CASH
2026-09-17 14:30:00-04:00,137444.0492280694,CASH
2026-09-17 15:30:00-04:00,137444.0492280694,CASH
2026-09-18 09:30:00-04:00,137444.0492280694,CASH
2026-09-18 10:30:00-04:00,137444.0492280694,CASH
2026-09-18 11:30:00-04:00,137444.0492280694,CASH
2026-09-18 12:30:00-04:00,137444.0492280694,CASH
2026-09-18 13:30:00-04:00,137444.0492280694,CASH
2026-09-18 14:30:00-04:00,137444.0492280694,CASH
2026-09-18 15:30:00-04:00,137444.0492280694,CASH
