mode,entry_time,exit_time,entry_price,exit_price,qty,pnl,return_pct,exit_reason
TREND,2025-10-23 10:30:00-04:00,2025-11-04 11:30:00-05:00,40.295256069183345,45.424531219482425,1613,8273.520817432414,12.729228327752962,trailing_stop
RANGE,2025-11-07 12:30:00-05:00,2025-11-07 15:30:00-05:00,38.42838938903808,40.02493362808227,986,1574.1926196975692,4.154595767418812,session_flat
TREND,2025-11-11 10:30:00-05:00,2025-11-12 11:30:00-05:00,42.43238938903808,43.90605076217651,1682,2478.6984296188457,3.472963446925603,regime_exit
TREND,2025-11-13 10:30:00-05:00,2025-11-14 11:30:00-05:00,41.45140984725952,40.30964847564697,1761,-2010.641775409691,-2.754457268931787,regime_exit
RANGE,2025-11-18 11:30:00-05:00,2025-11-18 15:30:00-05:00,34.744709083557126,34.73523045730591,1111,-10.530753765102418,-0.027280775983529182,session_flat
TREND,2025-11-28 10:30:00-05:00,2025-12-11 12:30:00-05:00,40.15011061096191,46.748203170776364,1785,11777.595219268798,16.43356010584196,trailing_stop
TREND,2025-12-23 10:30:00-05:00,2026-01-02 11:30:00-05:00,42.98293862533569,46.663289085388186,1846,6793.926949256915,8.56235189532426,regime_exit
RANGE,2026-02-04 13:30:00-05:00,2026-02-04 15:30:00-05:00,51.4864363746643,53.81612893295288,876,2040.8106810607933,4.5248665907570595,session_flat
TREND,2026-05-19 10:30:00-04:00,2026-05-27 11:30:00-04:00,138.53339927673338,209.54025,614,43598.2063440857,51.256123861816036,trailing_stop
TREND,2026-06-17 10:30:00-04:00,2026-06-18 10:30:00-04:00,248.4481969451904,272.8868436584473,456,11144.022901245131,9.836516027785148,trailing_stop
TREND,2026-06-30 10:30:00-04:00,2026-07-01 11:30:00-04:00,263.17291366577143,230.769,458,-14840.992458923312,-12.31278447862012,trailing_stop
TREND,2026-08-13 10:30:00-04:00,2026-08-14 12:30:00-04:00,150.8506969451904,141.78806268310547,736,-6670.098816894519,-6.00768471449471,trailing_stop
RANGE,2026-08-24 11:30:00-04:00,2026-08-24 13:30:00-04:00,108.44844325256346,110.14974213409425,529,899.9871083297912,1.568762842974758,range_exit
TREND,2026-09-09 10:30:00-04:00,2026-09-10 11:30:00-04:00,127.27715152740477,118.43624713897704,842,-7444.041495056139,-6.946183413386764,trailing_stop
