timestamp,equity,mode,regime
2025-09-22 10:30:00-04:00,100000.0,NONE,TREND_UP
2025-09-22 11:30:00-04:00,100000.0,NONE,TREND_UP
2025-09-22 12:30:00-04:00,100000.0,NONE,TREND_UP
2025-09-22 13:30:00-04:00,100000.0,NONE,TREND_UP
2025-09-22 14:30:00-04:00,100000.0,NONE,TREND_UP
2025-09-22 15:30:00-04:00,100000.0,NONE,TREND_UP
2025-09-23 09:30:00-04:00,100000.0,NONE,TREND_UP
2025-09-23 10:30:00-04:00,100000.0,NONE,TREND_UP
2025-09-23 11:30:00-04:00,100000.0,NONE,TREND_UP
2025-09-23 12:30:00-04:00,100000.0,NONE,TREND_UP
2025-09-23 13:30:00-04:00,100000.0,NONE,TREND_UP
2025-09-23 14:30:00-04:00,100000.0,NONE,TREND_UP
2025-09-23 15:30:00-04:00,100000.0,NONE,TREND_UP
2025-09-24 09:30:00-04:00,100000.0,NONE,TREND_UP
2025-09-24 10:30:00-04:00,100000.0,NONE,TREND_UP
2025-09-24 11:30:00-04:00,100000.0,NONE,TREND_UP
2025-09-24 12:30:00-04:00,100000.0,NONE,TREND_UP
2025-09-24 13:30:00-04:00,100000.0,NONE,TREND_UP
2025-09-24 14:30:00-04:00,100000.0,NONE,TREND_UP
2025-09-24 15:30:00-04:00,100000.0,NONE,TREND_UP
2025-09-25 09:30:00-04:00,100000.0,NONE,TREND_UP
2025-09-25 10:30:00-04:00,100000.0,NONE,TREND_UP
2025-09-25 11:30:00-04:00,100000.0,NONE,TREND_UP
2025-09-25 12:30:00-04:00,100000.0,NONE,TREND_UP
2025-09-25 13:30:00-04:00,100000.0,NONE,TREND_UP
2025-09-25 14:30:00-04:00,100000.0,NONE,TREND_UP
2025-09-25 15:30:00-04:00,100000.0,NONE,TREND_UP
2025-09-26 09:30:00-04:00,100000.0,NONE,TREND_UP
2025-09-26 10:30:00-04:00,100000.0,NONE,TREND_UP
2025-09-26 11:30:00-04:00,100000.0,NONE,TREND_UP
2025-09-26 12:30:00-04:00,100000.0,NONE,TREND_UP
2025-09-26 13:30:00-04:00,100000.0,NONE,TREND_UP
2025-09-26 14:30:00-04:00,100000.0,NONE,TREND_UP
2025-09-26 15:30:00-04:00,100000.0,NONE,TREND_UP
2025-09-29 09:30:00-04:00,100000.0,NONE,TREND_UP
2025-09-29 10:30:00-04:00,100000.0,NONE,TREND_UP
2025-09-29 11:30:00-04:00,100000.0,NONE,TREND_UP
2025-09-29 12:30:00-04:00,100000.0,NONE,TREND_UP
2025-09-29 13:30:00-04:00,100000.0,NONE,TREND_UP
2025-09-29 14:30:00-04:00,100000.0,NONE,TREND_UP
2025-09-29 15:30:00-04:00,100000.0,NONE,TREND_UP
2025-09-30 09:30:00-04:00,100000.0,NONE,TREND_UP
2025-09-30 10:30:00-04:00,100000.0,NONE,TREND_UP
2025-09-30 11:30:00-04:00,100000.0,NONE,TREND_UP
2025-09-30 12:30:00-04:00,100000.0,NONE,TREND_UP
2025-09-30 13:30:00-04:00,100000.0,NONE,TREND_UP
2025-09-30 14:30:00-04:00,100000.0,NONE,TREND_UP
2025-09-30 15:30:00-04:00,100000.0,NONE,TREND_UP
2025-10-01 09:30:00-04:00,100000.0,NONE,TREND_UP
2025-10-01 10:30:00-04:00,100000.0,NONE,TREND_UP
2025-10-01 11:30:00-04:00,100000.0,NONE,TREND_UP
2025-10-01 12:30:00-04:00,100000.0,NONE,TREND_UP
2025-10-01 13:30:00-04:00,100000.0,NONE,TREND_UP
2025-10-01 14:30:00-04:00,100000.0,NONE,TREND_UP
2025-10-01 15:30:00-04:00,100000.0,NONE,TREND_UP
2025-10-02 09:30:00-04:00,100000.0,NONE,TREND_UP
2025-10-02 10:30:00-04:00,100000.0,NONE,TREND_UP
2025-10-02 11:30:00-04:00,100000.0,NONE,TREND_UP
2025-10-02 12:30:00-04:00,100000.0,NONE,TREND_UP
2025-10-02 13:30:00-04:00,100000.0,NONE,TREND_UP
2025-10-02 14:30:00-04:00,100000.0,NONE,TREND_UP
2025-10-02 15:30:00-04:00,100000.0,NONE,TREND_UP
2025-10-03 09:30:00-04:00,100000.0,NONE,TREND_UP
2025-10-03 10:30:00-04:00,100000.0,NONE,TREND_UP
2025-10-03 11:30:00-04:00,100000.0,NONE,TREND_UP
2025-10-03 12:30:00-04:00,100000.0,NONE,TREND_UP
2025-10-03 13:30:00-04:00,100000.0,NONE,TREND_UP
2025-10-03 14:30:00-04:00,100000.0,NONE,TREND_UP
2025-10-03 15:30:00-04:00,100000.0,NONE,TREND_UP
2025-10-06 09:30:00-04:00,100000.0,NONE,TREND_UP
2025-10-06 10:30:00-04:00,100000.0,NONE,TREND_UP
2025-10-06 11:30:00-04:00,100000.0,NONE,TREND_UP
2025-10-06 12:30:00-04:00,100000.0,NONE,TREND_UP
2025-10-06 13:30:00-04:00,100000.0,NONE,TREND_UP
2025-10-06 14:30:00-04:00,100000.0,NONE,TREND_UP
2025-10-06 15:30:00-04:00,100000.0,NONE,TREND_UP
2025-10-07 09:30:00-04:00,100000.0,NONE,TREND_UP
2025-10-07 10:30:00-04:00,100000.0,NONE,TREND_UP
2025-10-07 11:30:00-04:00,100000.0,NONE,TREND_UP
2025-10-07 12:30:00-04:00,100000.0,NONE,TREND_UP
2025-10-07 13:30:00-04:00,100000.0,NONE,TREND_UP
2025-10-07 14:30:00-04:00,100000.0,NONE,TREND_UP
2025-10-07 15:30:00-04:00,100000.0,NONE,TREND_UP
2025-10-08 09:30:00-04:00,100000.0,NONE,TREND_UP
2025-10-08 10:30:00-04:00,100000.0,NONE,TREND_UP
2025-10-08 11:30:00-04:00,100000.0,NONE,TREND_UP
2025-10-08 12:30:00-04:00,100000.0,NONE,TREND_UP
2025-10-08 13:30:00-04:00,100000.0,NONE,TREND_UP
2025-10-08 14:30:00-04:00,100000.0,NONE,TREND_UP
2025-10-08 15:30:00-04:00,100000.0,NONE,TREND_UP
2025-10-09 09:30:00-04:00,100000.0,NONE,TREND_UP
2025-10-09 10:30:00-04:00,100000.0,NONE,TREND_UP
2025-10-09 11:30:00-04:00,100000.0,NONE,TREND_UP
2025-10-09 12:30:00-04:00,100000.0,NONE,TREND_UP
2025-10-09 13:30:00-04:00,100000.0,NONE,TREND_UP
2025-10-09 14:30:00-04:00,100000.0,NONE,TREND_UP
2025-10-09 15:30:00-04:00,100000.0,NONE,TREND_UP
2025-10-10 09:30:00-04:00,100000.0,NONE,TREND_UP
2025-10-10 10:30:00-04:00,100000.0,NONE,TREND_UP
2025-10-10 11:30:00-04:00,100000.0,NONE,TREND_UP
2025-10-10 12:30:00-04:00,100000.0,NONE,TREND_UP
2025-10-10 13:30:00-04:00,100000.0,NONE,TREND_UP
2025-10-10 14:30:00-04:00,100000.0,NONE,TREND_UP
2025-10-10 15:30:00-04:00,100000.0,NONE,TREND_UP
2025-10-13 09:30:00-04:00,100000.0,NONE,RANGE
2025-10-13 10:30:00-04:00,100000.0,NONE,RANGE
2025-10-13 11:30:00-04:00,100000.0,NONE,RANGE
2025-10-13 12:30:00-04:00,100000.0,NONE,RANGE
2025-10-13 13:30:00-04:00,100000.0,NONE,RANGE
2025-10-13 14:30:00-04:00,100000.0,NONE,RANGE
2025-10-13 15:30:00-04:00,100000.0,NONE,RANGE
2025-10-14 09:30:00-04:00,100000.0,NONE,TREND_UP
2025-10-14 10:30:00-04:00,100000.0,NONE,TREND_UP
2025-10-14 11:30:00-04:00,100000.0,NONE,TREND_UP
2025-10-14 12:30:00-04:00,100000.0,NONE,TREND_UP
2025-10-14 13:30:00-04:00,100000.0,NONE,TREND_UP
2025-10-14 14:30:00-04:00,100000.0,NONE,TREND_UP
2025-10-14 15:30:00-04:00,100000.0,NONE,TREND_UP
2025-10-15 09:30:00-04:00,100000.0,NONE,RANGE
2025-10-15 10:30:00-04:00,100000.0,NONE,RANGE
2025-10-15 11:30:00-04:00,100000.0,NONE,RANGE
2025-10-15 12:30:00-04:00,100000.0,NONE,RANGE
2025-10-15 13:30:00-04:00,100000.0,NONE,RANGE
2025-10-15 14:30:00-04:00,100000.0,NONE,RANGE
2025-10-15 15:30:00-04:00,100000.0,NONE,RANGE
2025-10-16 09:30:00-04:00,100000.0,NONE,TREND_UP
2025-10-16 10:30:00-04:00,100000.0,NONE,TREND_UP
2025-10-16 11:30:00-04:00,100000.0,NONE,TREND_UP
2025-10-16 12:30:00-04:00,100000.0,NONE,TREND_UP
2025-10-16 13:30:00-04:00,100000.0,NONE,TREND_UP
2025-10-16 14:30:00-04:00,100000.0,NONE,TREND_UP
2025-10-16 15:30:00-04:00,100000.0,NONE,TREND_UP
2025-10-17 09:30:00-04:00,100000.0,NONE,TREND_UP
2025-10-17 10:30:00-04:00,100000.0,NONE,TREND_UP
2025-10-17 11:30:00-04:00,100000.0,NONE,TREND_UP
2025-10-17 12:30:00-04:00,100000.0,NONE,TREND_UP
2025-10-17 13:30:00-04:00,100000.0,NONE,TREND_UP
2025-10-17 14:30:00-04:00,100000.0,NONE,TREND_UP
2025-10-17 15:30:00-04:00,100000.0,NONE,TREND_UP
2025-10-20 09:30:00-04:00,100000.0,NONE,TREND_UP
2025-10-20 10:30:00-04:00,100000.0,NONE,TREND_UP
2025-10-20 11:30:00-04:00,100000.0,NONE,TREND_UP
2025-10-20 12:30:00-04:00,100000.0,NONE,TREND_UP
2025-10-20 13:30:00-04:00,100000.0,NONE,TREND_UP
2025-10-20 14:30:00-04:00,100000.0,NONE,TREND_UP
2025-10-20 15:30:00-04:00,100000.0,NONE,TREND_UP
2025-10-21 09:30:00-04:00,100000.0,NONE,TREND_UP
2025-10-21 10:30:00-04:00,100000.0,NONE,TREND_UP
2025-10-21 11:30:00-04:00,100000.0,NONE,TREND_UP
2025-10-21 12:30:00-04:00,100000.0,NONE,TREND_UP
2025-10-21 13:30:00-04:00,100000.0,NONE,TREND_UP
2025-10-21 14:30:00-04:00,100000.0,NONE,TREND_UP
2025-10-21 15:30:00-04:00,100000.0,NONE,TREND_UP
2025-10-22 09:30:00-04:00,100000.0,NONE,TREND_UP
2025-10-22 10:30:00-04:00,100000.0,NONE,TREND_UP
2025-10-22 11:30:00-04:00,100000.0,NONE,TREND_UP
2025-10-22 12:30:00-04:00,100000.0,NONE,TREND_UP
2025-10-22 13:30:00-04:00,100000.0,NONE,TREND_UP
2025-10-22 14:30:00-04:00,100000.0,NONE,TREND_UP
2025-10-22 15:30:00-04:00,100000.0,NONE,TREND_UP
2025-10-23 09:30:00-04:00,100000.0,NONE,TREND_UP
2025-10-23 10:30:00-04:00,100282.98994792558,TREND,TREND_UP
2025-10-23 11:30:00-04:00,100983.51499141313,TREND,TREND_UP
2025-10-23 12:30:00-04:00,100765.76269878008,TREND,TREND_UP
2025-10-23 13:30:00-04:00,101475.6404644356,TREND,TREND_UP
2025-10-23 14:30:00-04:00,101749.69368327715,TREND,TREND_UP
2025-10-23 15:30:00-04:00,101410.79902614214,TREND,TREND_UP
2025-10-24 09:30:00-04:00,104870.84474528886,TREND,TREND_UP
2025-10-24 10:30:00-04:00,105298.29491389848,TREND,TREND_UP
2025-10-24 11:30:00-04:00,105201.51269878008,TREND,TREND_UP
2025-10-24 12:30:00-04:00,105507.98048366167,TREND,TREND_UP
2025-10-24 13:30:00-04:00,105169.25196040727,TREND,TREND_UP
2025-10-24 14:30:00-04:00,105427.331714283,TREND,TREND_UP
2025-10-24 15:30:00-04:00,104622.44382823564,TREND,TREND_UP
2025-10-27 09:30:00-04:00,110292.46395839311,TREND,TREND_UP
2025-10-27 10:30:00-04:00,110296.98033870317,TREND,TREND_UP
2025-10-27 11:30:00-04:00,110048.09332622148,TREND,TREND_UP
2025-10-27 12:30:00-04:00,109846.95442164995,TREND,TREND_UP
2025-10-27 13:30:00-04:00,109935.66991389848,TREND,TREND_UP
2025-10-27 14:30:00-04:00,110242.13769878008,TREND,TREND_UP
2025-10-27 15:30:00-04:00,110540.54491389848,TREND,TREND_UP
2025-10-28 09:30:00-04:00,109838.88769878008,TREND,TREND_UP
2025-10-28 10:30:00-04:00,109957.43960536577,TREND,TREND_UP
2025-10-28 11:30:00-04:00,110847.01269878008,TREND,TREND_UP
2025-10-28 12:30:00-04:00,111056.70442164995,TREND,TREND_UP
2025-10-28 13:30:00-04:00,111146.22597087477,TREND,TREND_UP
2025-10-28 14:30:00-04:00,111266.38999141313,TREND,TREND_UP
2025-10-28 15:30:00-04:00,110661.51499141313,TREND,TREND_UP
2025-10-29 09:30:00-04:00,115847.3102375374,TREND,TREND_UP
2025-10-29 10:30:00-04:00,116081.1959759102,TREND,TREND_UP
2025-10-29 11:30:00-04:00,115508.581714283,TREND,TREND_UP
2025-10-29 12:30:00-04:00,115148.39730800249,TREND,TREND_UP
2025-10-29 13:30:00-04:00,115315.3433987007,TREND,TREND_UP
2025-10-29 14:30:00-04:00,115075.8152614937,TREND,TREND_UP
2025-10-29 15:30:00-04:00,114750.46974528886,TREND,TREND_UP
2025-10-30 09:30:00-04:00,112943.91146815874,TREND,TREND_UP
2025-10-30 10:30:00-04:00,113266.51269878008,TREND,TREND_UP
2025-10-30 11:30:00-04:00,113274.57942164995,TREND,TREND_UP
2025-10-30 12:30:00-04:00,113411.68294490434,TREND,TREND_UP
2025-10-30 13:30:00-04:00,112872.2954594002,TREND,TREND_UP
2025-10-30 14:30:00-04:00,112314.84245265581,TREND,TREND_UP
2025-10-30 15:30:00-04:00,111328.49329722978,TREND,TREND_UP
2025-10-31 09:30:00-04:00,114113.33400691606,TREND,TREND_UP
2025-10-31 10:30:00-04:00,114476.26269878008,TREND,TREND_UP
2025-10-31 11:30:00-04:00,111806.74966777422,TREND,TREND_UP
2025-10-31 12:30:00-04:00,110863.13999141313,TREND,TREND_UP
2025-10-31 13:30:00-04:00,112201.93294490434,TREND,TREND_UP
2025-10-31 14:30:00-04:00,113266.51269878008,TREND,TREND_UP
2025-10-31 15:30:00-04:00,111976.11392940141,TREND,TREND_UP
2025-11-03 09:30:00-05:00,112960.04491389848,TREND,TREND_UP
2025-11-03 10:30:00-05:00,113185.86392940141,TREND,TREND_UP
2025-11-03 11:30:00-05:00,113766.54491389848,TREND,TREND_UP
2025-11-03 12:30:00-05:00,114064.9459759102,TREND,TREND_UP
2025-11-03 13:30:00-05:00,113752.8296390877,TREND,TREND_UP
2025-11-03 14:30:00-05:00,113435.87696040727,TREND,TREND_UP
2025-11-03 15:30:00-05:00,113347.16146815874,TREND,TREND_UP
2025-11-04 09:30:00-05:00,109895.34245265581,TREND,TREND_UP
2025-11-04 10:30:00-05:00,108338.79720653154,TREND,TREND_UP
2025-11-04 11:30:00-05:00,108273.5208174324,NONE,TREND_UP
2025-11-04 12:30:00-05:00,108273.5208174324,NONE,TREND_UP
2025-11-04 13:30:00-05:00,108273.5208174324,NONE,TREND_UP
2025-11-04 14:30:00-05:00,108273.5208174324,NONE,TREND_UP
2025-11-04 15:30:00-05:00,108273.5208174324,NONE,TREND_UP
2025-11-05 09:30:00-05:00,108273.5208174324,NONE,RANGE
2025-11-05 10:30:00-05:00,108273.5208174324,NONE,RANGE
2025-11-05 11:30:00-05:00,108273.5208174324,NONE,RANGE
2025-11-05 12:30:00-05:00,108273.5208174324,NONE,RANGE
2025-11-05 13:30:00-05:00,108273.5208174324,NONE,RANGE
2025-11-05 14:30:00-05:00,108273.5208174324,NONE,RANGE
2025-11-05 15:30:00-05:00,108273.5208174324,NONE,RANGE
2025-11-06 09:30:00-05:00,108273.5208174324,NONE,TREND_UP
2025-11-06 10:30:00-05:00,108273.5208174324,NONE,TREND_UP
2025-11-06 11:30:00-05:00,108273.5208174324,NONE,TREND_UP
2025-11-06 12:30:00-05:00,108273.5208174324,NONE,TREND_UP
2025-11-06 13:30:00-05:00,108273.5208174324,NONE,TREND_UP
2025-11-06 14:30:00-05:00,108273.5208174324,NONE,TREND_UP
2025-11-06 15:30:00-05:00,108273.5208174324,NONE,TREND_UP
2025-11-07 09:30:00-05:00,108273.5208174324,NONE,RANGE
2025-11-07 10:30:00-05:00,108273.5208174324,NONE,RANGE
2025-11-07 11:30:00-05:00,108273.5208174324,NONE,RANGE
2025-11-07 12:30:00-05:00,109206.87887984086,RANGE,RANGE
2025-11-07 13:30:00-05:00,109251.24707442094,RANGE,RANGE
2025-11-07 14:30:00-05:00,109882.3880274849,RANGE,RANGE
2025-11-07 15:30:00-05:00,109847.71343712998,NONE,RANGE
2025-11-10 09:30:00-05:00,109847.71343712998,NONE,RANGE
2025-11-10 10:30:00-05:00,109847.71343712998,NONE,RANGE
2025-11-10 11:30:00-05:00,109847.71343712998,NONE,RANGE
2025-11-10 12:30:00-05:00,109847.71343712998,NONE,RANGE
2025-11-10 13:30:00-05:00,109847.71343712998,NONE,RANGE
2025-11-10 14:30:00-05:00,109847.71343712998,NONE,RANGE
2025-11-10 15:30:00-05:00,109847.71343712998,NONE,RANGE
2025-11-11 09:30:00-05:00,109847.71343712998,NONE,TREND_UP
2025-11-11 10:30:00-05:00,109330.68448476793,TREND,TREND_UP
2025-11-11 11:30:00-05:00,109515.70551137926,TREND,TREND_UP
2025-11-11 12:30:00-05:00,109910.97653799059,TREND,TREND_UP
2025-11-11 13:30:00-05:00,109599.8042281151,TREND,TREND_UP
2025-11-11 14:30:00-05:00,108927.84861593248,TREND,TREND_UP
2025-11-11 15:30:00-05:00,108884.78868703844,TREND,TREND_UP
2025-11-12 09:30:00-05:00,112871.46053915026,TREND,RANGE
2025-11-12 10:30:00-05:00,112408.74756460192,TREND,RANGE
2025-11-12 11:30:00-05:00,112326.41186674882,NONE,RANGE
2025-11-12 12:30:00-05:00,112326.41186674882,NONE,RANGE
2025-11-12 13:30:00-05:00,112326.41186674882,NONE,RANGE
2025-11-12 14:30:00-05:00,112326.41186674882,NONE,RANGE
2025-11-12 15:30:00-05:00,112326.41186674882,NONE,RANGE
2025-11-13 09:30:00-05:00,112326.41186674882,NONE,TREND_UP
2025-11-13 10:30:00-05:00,109242.18046926119,TREND,TREND_UP
2025-11-13 11:30:00-05:00,109656.0165440903,TREND,TREND_UP
2025-11-13 12:30:00-05:00,107445.95966313937,TREND,TREND_UP
2025-11-13 13:30:00-05:00,107939.03751348116,TREND,TREND_UP
2025-11-13 14:30:00-05:00,106970.48885701754,TREND,TREND_UP
2025-11-13 15:30:00-05:00,108388.09439443209,TREND,TREND_UP
2025-11-14 09:30:00-05:00,107498.78751348116,TREND,RANGE
2025-11-14 10:30:00-05:00,110369.21939443209,TREND,RANGE
2025-11-14 11:30:00-05:00,110315.77009133913,NONE,RANGE
2025-11-14 12:30:00-05:00,110315.77009133913,NONE,RANGE
2025-11-14 13:30:00-05:00,110315.77009133913,NONE,RANGE
2025-11-14 14:30:00-05:00,110315.77009133913,NONE,RANGE
2025-11-14 15:30:00-05:00,110315.77009133913,NONE,RANGE
2025-11-17 09:30:00-05:00,110315.77009133913,NONE,RANGE
2025-11-17 10:30:00-05:00,110315.77009133913,NONE,RANGE
2025-11-17 11:30:00-05:00,110315.77009133913,NONE,RANGE
2025-11-17 12:30:00-05:00,110315.77009133913,NONE,RANGE
2025-11-17 13:30:00-05:00,110315.77009133913,NONE,RANGE
2025-11-17 14:30:00-05:00,110315.77009133913,NONE,RANGE
2025-11-17 15:30:00-05:00,110315.77009133913,NONE,RANGE
2025-11-18 09:30:00-05:00,110315.77009133913,NONE,RANGE
2025-11-18 10:30:00-05:00,110315.77009133913,NONE,RANGE
2025-11-18 11:30:00-05:00,109742.03758554842,RANGE,RANGE
2025-11-18 12:30:00-05:00,110988.24660425569,RANGE,RANGE
2025-11-18 13:30:00-05:00,110543.84914713289,RANGE,RANGE
2025-11-18 14:30:00-05:00,110352.97654657747,RANGE,RANGE
2025-11-18 15:30:00-05:00,110305.23933757402,NONE,RANGE
2025-11-19 09:30:00-05:00,110305.23933757402,NONE,RANGE
2025-11-19 10:30:00-05:00,110305.23933757402,NONE,RANGE
2025-11-19 11:30:00-05:00,110305.23933757402,NONE,RANGE
2025-11-19 12:30:00-05:00,110305.23933757402,NONE,RANGE
2025-11-19 13:30:00-05:00,110305.23933757402,NONE,RANGE
2025-11-19 14:30:00-05:00,110305.23933757402,NONE,RANGE
2025-11-19 15:30:00-05:00,110305.23933757402,NONE,RANGE
2025-11-20 09:30:00-05:00,110305.23933757402,NONE,RANGE
2025-11-20 10:30:00-05:00,110305.23933757402,NONE,RANGE
2025-11-20 11:30:00-05:00,110305.23933757402,NONE,RANGE
2025-11-20 12:30:00-05:00,110305.23933757402,NONE,RANGE
2025-11-20 13:30:00-05:00,110305.23933757402,NONE,RANGE
2025-11-20 14:30:00-05:00,110305.23933757402,NONE,RANGE
2025-11-20 15:30:00-05:00,110305.23933757402,NONE,RANGE
2025-11-21 09:30:00-05:00,110305.23933757402,NONE,RANGE
2025-11-21 10:30:00-05:00,110305.23933757402,NONE,RANGE
2025-11-21 11:30:00-05:00,110305.23933757402,NONE,RANGE
2025-11-21 12:30:00-05:00,110305.23933757402,NONE,RANGE
2025-11-21 13:30:00-05:00,110305.23933757402,NONE,RANGE
2025-11-21 14:30:00-05:00,110305.23933757402,NONE,RANGE
2025-11-21 15:30:00-05:00,110305.23933757402,NONE,RANGE
2025-11-24 09:30:00-05:00,110305.23933757402,NONE,RANGE
2025-11-24 10:30:00-05:00,110305.23933757402,NONE,RANGE
2025-11-24 11:30:00-05:00,110305.23933757402,NONE,RANGE
2025-11-24 12:30:00-05:00,110305.23933757402,NONE,RANGE
2025-11-24 13:30:00-05:00,110305.23933757402,NONE,RANGE
2025-11-24 14:30:00-05:00,110305.23933757402,NONE,RANGE
2025-11-24 15:30:00-05:00,110305.23933757402,NONE,RANGE
2025-11-25 09:30:00-05:00,110305.23933757402,NONE,RANGE
2025-11-25 10:30:00-05:00,110305.23933757402,NONE,RANGE
2025-11-25 11:30:00-05:00,110305.23933757402,NONE,RANGE
2025-11-25 12:30:00-05:00,110305.23933757402,NONE,RANGE
2025-11-25 13:30:00-05:00,110305.23933757402,NONE,RANGE
2025-11-25 14:30:00-05:00,110305.23933757402,NONE,RANGE
2025-11-25 15:30:00-05:00,110305.23933757402,NONE,RANGE
2025-11-26 09:30:00-05:00,110305.23933757402,NONE,RANGE
2025-11-26 10:30:00-05:00,110305.23933757402,NONE,RANGE
2025-11-26 11:30:00-05:00,110305.23933757402,NONE,RANGE
2025-11-26 12:30:00-05:00,110305.23933757402,NONE,RANGE
2025-11-26 13:30:00-05:00,110305.23933757402,NONE,RANGE
2025-11-26 14:30:00-05:00,110305.23933757402,NONE,RANGE
2025-11-26 15:30:00-05:00,110305.23933757402,NONE,RANGE
2025-11-28 09:30:00-05:00,110305.23933757402,NONE,TREND_UP
2025-11-28 10:30:00-05:00,111179.69080752948,TREND,TREND_UP
2025-11-28 11:30:00-05:00,111420.66962070086,TREND,TREND_UP
2025-12-01 09:30:00-05:00,111476.89347095111,TREND,TREND_UP
2025-12-01 10:30:00-05:00,112313.52370090106,TREND,TREND_UP
2025-12-01 11:30:00-05:00,113268.14434833148,TREND,TREND_UP
2025-12-01 12:30:00-05:00,113571.59107989886,TREND,TREND_UP
2025-12-01 13:30:00-05:00,112732.63890094378,TREND,TREND_UP
2025-12-01 14:30:00-05:00,112455.07407016376,TREND,TREND_UP
2025-12-01 15:30:00-05:00,112409.91522616961,TREND,TREND_UP
2025-12-02 09:30:00-05:00,116463.28917331317,TREND,TREND_UP
2025-12-02 10:30:00-05:00,114392.68944568255,TREND,TREND_UP
2025-12-02 11:30:00-05:00,116213.39026279071,TREND,TREND_UP
2025-12-02 12:30:00-05:00,116427.59516543963,TREND,TREND_UP
2025-12-02 13:30:00-05:00,116844.74930591205,TREND,TREND_UP
2025-12-02 14:30:00-05:00,117561.0671693764,TREND,TREND_UP
2025-12-02 15:30:00-05:00,116784.58971805194,TREND,TREND_UP
2025-12-03 09:30:00-05:00,118337.54462070086,TREND,TREND_UP
2025-12-03 10:30:00-05:00,118176.89434833148,TREND,TREND_UP
2025-12-03 11:30:00-05:00,118855.18944568255,TREND,TREND_UP
2025-12-03 12:30:00-05:00,119354.9940759621,TREND,TREND_UP
2025-12-03 13:30:00-05:00,120169.66452426532,TREND,TREND_UP
2025-12-03 14:30:00-05:00,121496.9886285744,TREND,TREND_UP
2025-12-03 15:30:00-05:00,121786.16320438006,TREND,TREND_UP
2025-12-04 09:30:00-05:00,120256.41417331317,TREND,TREND_UP
2025-12-04 10:30:00-05:00,119877.45983905414,TREND,TREND_UP
2025-12-04 11:30:00-05:00,120068.98999042132,TREND,TREND_UP
2025-12-04 12:30:00-05:00,120247.67111606219,TREND,TREND_UP
2025-12-04 13:30:00-05:00,119265.7386285744,TREND,TREND_UP
2025-12-04 14:30:00-05:00,118007.3171693764,TREND,TREND_UP
2025-12-04 15:30:00-05:00,119337.14026279071,TREND,TREND_UP
2025-12-05 09:30:00-05:00,123094.56444568255,TREND,TREND_UP
2025-12-05 10:30:00-05:00,122210.99135226825,TREND,TREND_UP
2025-12-05 11:30:00-05:00,122272.57407016376,TREND,TREND_UP
2025-12-05 12:30:00-05:00,122978.54189700702,TREND,TREND_UP
2025-12-05 13:30:00-05:00,122675.09516543963,TREND,TREND_UP
2025-12-05 14:30:00-05:00,122549.60778064348,TREND,TREND_UP
2025-12-05 15:30:00-05:00,121657.63890094378,TREND,TREND_UP
2025-12-08 09:30:00-05:00,123406.94489307025,TREND,TREND_UP
2025-12-08 10:30:00-05:00,123139.1921693764,TREND,TREND_UP
2025-12-08 11:30:00-05:00,123126.87426395038,TREND,TREND_UP
2025-12-08 12:30:00-05:00,123692.54462070086,TREND,TREND_UP
2025-12-08 13:30:00-05:00,123299.84244174579,TREND,TREND_UP
2025-12-08 14:30:00-05:00,123359.99522037127,TREND,TREND_UP
2025-12-08 15:30:00-05:00,124299.44489307025,TREND,TREND_UP
2025-12-09 09:30:00-05:00,123353.39026279071,TREND,TREND_UP
2025-12-09 10:30:00-05:00,123817.4940759621,TREND,TREND_UP
2025-12-09 11:30:00-05:00,124004.91825885394,TREND,TREND_UP
2025-12-09 12:30:00-05:00,123924.58971805194,TREND,TREND_UP
2025-12-09 13:30:00-05:00,123711.82156390765,TREND,TREND_UP
2025-12-09 14:30:00-05:00,123531.89434833148,TREND,TREND_UP
2025-12-09 15:30:00-05:00,123906.74271411517,TREND,TREND_UP
2025-12-10 09:30:00-05:00,123897.81580752948,TREND,TREND_UP
2025-12-10 10:30:00-05:00,123763.93944568255,TREND,TREND_UP
2025-12-10 11:30:00-05:00,123487.26662463763,TREND,TREND_UP
2025-12-10 12:30:00-05:00,124029.54726047137,TREND,TREND_UP
2025-12-10 13:30:00-05:00,124940.97012347796,TREND,TREND_UP
2025-12-10 14:30:00-05:00,127698.79866427997,TREND,TREND_UP
2025-12-10 15:30:00-05:00,127208.98999042132,TREND,TREND_UP
2025-12-11 09:30:00-05:00,122157.44353122333,TREND,TREND_UP
2025-12-11 10:30:00-05:00,120408.14434833148,TREND,TREND_UP
2025-12-11 11:30:00-05:00,122157.62057132342,TREND,TREND_UP
2025-12-11 12:30:00-05:00,122082.83455684282,NONE,TREND_UP
2025-12-11 13:30:00-05:00,122082.83455684282,NONE,TREND_UP
2025-12-11 14:30:00-05:00,122082.83455684282,NONE,TREND_UP
2025-12-11 15:30:00-05:00,122082.83455684282,NONE,TREND_UP
2025-12-12 09:30:00-05:00,122082.83455684282,NONE,TREND_UP
2025-12-12 10:30:00-05:00,122082.83455684282,NONE,TREND_UP
2025-12-12 11:30:00-05:00,122082.83455684282,NONE,TREND_UP
2025-12-12 12:30:00-05:00,122082.83455684282,NONE,TREND_UP
2025-12-12 13:30:00-05:00,122082.83455684282,NONE,TREND_UP
2025-12-12 14:30:00-05:00,122082.83455684282,NONE,TREND_UP
2025-12-12 15:30:00-05:00,122082.83455684282,NONE,TREND_UP
2025-12-15 09:30:00-05:00,122082.83455684282,NONE,RANGE
2025-12-15 10:30:00-05:00,122082.83455684282,NONE,RANGE
2025-12-15 11:30:00-05:00,122082.83455684282,NONE,RANGE
2025-12-15 12:30:00-05:00,122082.83455684282,NONE,RANGE
2025-12-15 13:30:00-05:00,122082.83455684282,NONE,RANGE
2025-12-15 14:30:00-05:00,122082.83455684282,NONE,RANGE
2025-12-15 15:30:00-05:00,122082.83455684282,NONE,RANGE
2025-12-16 09:30:00-05:00,122082.83455684282,NONE,RANGE
2025-12-16 10:30:00-05:00,122082.83455684282,NONE,RANGE
2025-12-16 11:30:00-05:00,122082.83455684282,NONE,RANGE
2025-12-16 12:30:00-05:00,122082.83455684282,NONE,RANGE
2025-12-16 13:30:00-05:00,122082.83455684282,NONE,RANGE
2025-12-16 14:30:00-05:00,122082.83455684282,NONE,RANGE
2025-12-16 15:30:00-05:00,122082.83455684282,NONE,RANGE
2025-12-17 09:30:00-05:00,122082.83455684282,NONE,RANGE
2025-12-17 10:30:00-05:00,122082.83455684282,NONE,RANGE
2025-12-17 11:30:00-05:00,122082.83455684282,NONE,RANGE
2025-12-17 12:30:00-05:00,122082.83455684282,NONE,RANGE
2025-12-17 13:30:00-05:00,122082.83455684282,NONE,RANGE
2025-12-17 14:30:00-05:00,122082.83455684282,NONE,RANGE
2025-12-17 15:30:00-05:00,122082.83455684282,NONE,RANGE
2025-12-18 09:30:00-05:00,122082.83455684282,NONE,RANGE
2025-12-18 10:30:00-05:00,122082.83455684282,NONE,RANGE
2025-12-18 11:30:00-05:00,122082.83455684282,NONE,RANGE
2025-12-18 12:30:00-05:00,122082.83455684282,NONE,RANGE
2025-12-18 13:30:00-05:00,122082.83455684282,NONE,RANGE
2025-12-18 14:30:00-05:00,122082.83455684282,NONE,RANGE
2025-12-18 15:30:00-05:00,122082.83455684282,NONE,RANGE
2025-12-19 09:30:00-05:00,122082.83455684282,NONE,RANGE
2025-12-19 10:30:00-05:00,122082.83455684282,NONE,RANGE
2025-12-19 11:30:00-05:00,122082.83455684282,NONE,RANGE
2025-12-19 12:30:00-05:00,122082.83455684282,NONE,RANGE
2025-12-19 13:30:00-05:00,122082.83455684282,NONE,RANGE
2025-12-19 14:30:00-05:00,122082.83455684282,NONE,RANGE
2025-12-19 15:30:00-05:00,122082.83455684282,NONE,RANGE
2025-12-22 09:30:00-05:00,122082.83455684282,NONE,RANGE
2025-12-22 10:30:00-05:00,122082.83455684282,NONE,RANGE
2025-12-22 11:30:00-05:00,122082.83455684282,NONE,RANGE
2025-12-22 12:30:00-05:00,122082.83455684282,NONE,RANGE
2025-12-22 13:30:00-05:00,122082.83455684282,NONE,RANGE
2025-12-22 14:30:00-05:00,122082.83455684282,NONE,RANGE
2025-12-22 15:30:00-05:00,122082.83455684282,NONE,RANGE
2025-12-23 09:30:00-05:00,122082.83455684282,NONE,TREND_UP
2025-12-23 10:30:00-05:00,122778.89098118212,TREND,TREND_UP
2025-12-23 11:30:00-05:00,123222.84953068163,TREND,TREND_UP
2025-12-23 12:30:00-05:00,123203.65322636034,TREND,TREND_UP
2025-12-23 13:30:00-05:00,123424.98816440966,TREND,TREND_UP
2025-12-23 14:30:00-05:00,123461.9090094414,TREND,TREND_UP
2025-12-23 15:30:00-05:00,123406.53126285937,TREND,TREND_UP
2025-12-24 09:30:00-05:00,123941.87295292284,TREND,TREND_UP
2025-12-24 10:30:00-05:00,123958.85104893114,TREND,TREND_UP
2025-12-24 11:30:00-05:00,124162.2853979912,TREND,TREND_UP
2025-12-26 09:30:00-05:00,124763.34238956835,TREND,TREND_UP
2025-12-26 10:30:00-05:00,124807.64317844775,TREND,TREND_UP
2025-12-26 11:30:00-05:00,124624.89098118212,TREND,TREND_UP
2025-12-26 12:30:00-05:00,124845.6696066704,TREND,TREND_UP
2025-12-26 13:30:00-05:00,124847.1484122124,TREND,TREND_UP
2025-12-26 14:30:00-05:00,124680.26872776415,TREND,TREND_UP
2025-12-26 15:30:00-05:00,124311.06731937792,TREND,TREND_UP
2025-12-29 09:30:00-05:00,122702.28181217577,TREND,TREND_UP
2025-12-29 10:30:00-05:00,122658.89647434618,TREND,TREND_UP
2025-12-29 11:30:00-05:00,121874.34788273241,TREND,TREND_UP
2025-12-29 12:30:00-05:00,122391.2326712456,TREND,TREND_UP
2025-12-29 13:30:00-05:00,122769.6590094414,TREND,TREND_UP
2025-12-29 14:30:00-05:00,123340.44273899462,TREND,TREND_UP
2025-12-29 15:30:00-05:00,123683.06085728075,TREND,TREND_UP
2025-12-30 09:30:00-05:00,124019.03139255907,TREND,TREND_UP
2025-12-30 10:30:00-05:00,125095.62295292284,TREND,TREND_UP
2025-12-30 11:30:00-05:00,124339.86881779101,TREND,TREND_UP
2025-12-30 12:30:00-05:00,124135.7021078911,TREND,TREND_UP
2025-12-30 13:30:00-05:00,124098.78126285937,TREND,TREND_UP
2025-12-30 14:30:00-05:00,123535.75069950488,TREND,TREND_UP
2025-12-30 15:30:00-05:00,123369.61041782763,TREND,TREND_UP
2025-12-31 09:30:00-05:00,122518.23389957812,TREND,TREND_UP
2025-12-31 10:30:00-05:00,122621.9826712456,TREND,TREND_UP
2025-12-31 11:30:00-05:00,122446.61041782763,TREND,TREND_UP
2025-12-31 12:30:00-05:00,122382.00069950488,TREND,TREND_UP
2025-12-31 13:30:00-05:00,121800.51323460009,TREND,TREND_UP
2025-12-31 14:30:00-05:00,120600.61041782763,TREND,TREND_UP
2025-12-31 15:30:00-05:00,120323.70760105517,TREND,TREND_UP
2026-01-02 09:30:00-05:00,128263.54131077197,TREND,RANGE
2026-01-02 10:30:00-05:00,128981.4521078911,TREND,RANGE
2026-01-02 11:30:00-05:00,128876.76150609973,NONE,RANGE
2026-01-02 12:30:00-05:00,128876.76150609973,NONE,RANGE
2026-01-02 13:30:00-05:00,128876.76150609973,NONE,RANGE
2026-01-02 14:30:00-05:00,128876.76150609973,NONE,RANGE
2026-01-02 15:30:00-05:00,128876.76150609973,NONE,RANGE
2026-01-05 09:30:00-05:00,128876.76150609973,NONE,RANGE
2026-01-05 10:30:00-05:00,128876.76150609973,NONE,RANGE
2026-01-05 11:30:00-05:00,128876.76150609973,NONE,RANGE
2026-01-05 12:30:00-05:00,128876.76150609973,NONE,RANGE
2026-01-05 13:30:00-05:00,128876.76150609973,NONE,RANGE
2026-01-05 14:30:00-05:00,128876.76150609973,NONE,RANGE
2026-01-05 15:30:00-05:00,128876.76150609973,NONE,RANGE
2026-01-06 09:30:00-05:00,128876.76150609973,NONE,TREND_UP
2026-01-06 10:30:00-05:00,128876.76150609973,NONE,TREND_UP
2026-01-06 11:30:00-05:00,128876.76150609973,NONE,TREND_UP
2026-01-06 12:30:00-05:00,128876.76150609973,NONE,TREND_UP
2026-01-06 13:30:00-05:00,128876.76150609973,NONE,TREND_UP
2026-01-06 14:30:00-05:00,128876.76150609973,NONE,TREND_UP
2026-01-06 15:30:00-05:00,128876.76150609973,NONE,TREND_UP
2026-01-07 09:30:00-05:00,128876.76150609973,NONE,TREND_UP
2026-01-07 10:30:00-05:00,128876.76150609973,NONE,TREND_UP
2026-01-07 11:30:00-05:00,128876.76150609973,NONE,TREND_UP
2026-01-07 12:30:00-05:00,128876.76150609973,NONE,TREND_UP
2026-01-07 13:30:00-05:00,128876.76150609973,NONE,TREND_UP
2026-01-07 14:30:00-05:00,128876.76150609973,NONE,TREND_UP
2026-01-07 15:30:00-05:00,128876.76150609973,NONE,TREND_UP
2026-01-08 09:30:00-05:00,128876.76150609973,NONE,TREND_UP
2026-01-08 10:30:00-05:00,128876.76150609973,NONE,TREND_UP
2026-01-08 11:30:00-05:00,128876.76150609973,NONE,TREND_UP
2026-01-08 12:30:00-05:00,128876.76150609973,NONE,TREND_UP
2026-01-08 13:30:00-05:00,128876.76150609973,NONE,TREND_UP
2026-01-08 14:30:00-05:00,128876.76150609973,NONE,TREND_UP
2026-01-08 15:30:00-05:00,128876.76150609973,NONE,TREND_UP
2026-01-09 09:30:00-05:00,128876.76150609973,NONE,TREND_UP
2026-01-09 10:30:00-05:00,128876.76150609973,NONE,TREND_UP
2026-01-09 11:30:00-05:00,128876.76150609973,NONE,TREND_UP
2026-01-09 12:30:00-05:00,128876.76150609973,NONE,TREND_UP
2026-01-09 13:30:00-05:00,128876.76150609973,NONE,TREND_UP
2026-01-09 14:30:00-05:00,128876.76150609973,NONE,TREND_UP
2026-01-09 15:30:00-05:00,128876.76150609973,NONE,TREND_UP
2026-01-12 09:30:00-05:00,128876.76150609973,NONE,TREND_UP
2026-01-12 10:30:00-05:00,128876.76150609973,NONE,TREND_UP
2026-01-12 11:30:00-05:00,128876.76150609973,NONE,TREND_UP
2026-01-12 12:30:00-05:00,128876.76150609973,NONE,TREND_UP
2026-01-12 13:30:00-05:00,128876.76150609973,NONE,TREND_UP
2026-01-12 14:30:00-05:00,128876.76150609973,NONE,TREND_UP
2026-01-12 15:30:00-05:00,128876.76150609973,NONE,TREND_UP
2026-01-13 09:30:00-05:00,128876.76150609973,NONE,TREND_UP
2026-01-13 10:30:00-05:00,128876.76150609973,NONE,TREND_UP
2026-01-13 11:30:00-05:00,128876.76150609973,NONE,TREND_UP
2026-01-13 12:30:00-05:00,128876.76150609973,NONE,TREND_UP
2026-01-13 13:30:00-05:00,128876.76150609973,NONE,TREND_UP
2026-01-13 14:30:00-05:00,128876.76150609973,NONE,TREND_UP
2026-01-13 15:30:00-05:00,128876.76150609973,NONE,TREND_UP
2026-01-14 09:30:00-05:00,128876.76150609973,NONE,TREND_UP
2026-01-14 10:30:00-05:00,128876.76150609973,NONE,TREND_UP
2026-01-14 11:30:00-05:00,128876.76150609973,NONE,TREND_UP
2026-01-14 12:30:00-05:00,128876.76150609973,NONE,TREND_UP
2026-01-14 13:30:00-05:00,128876.76150609973,NONE,TREND_UP
2026-01-14 14:30:00-05:00,128876.76150609973,NONE,TREND_UP
2026-01-14 15:30:00-05:00,128876.76150609973,NONE,TREND_UP
2026-01-15 09:30:00-05:00,128876.76150609973,NONE,RANGE
2026-01-15 10:30:00-05:00,128876.76150609973,NONE,RANGE
2026-01-15 11:30:00-05:00,128876.76150609973,NONE,RANGE
2026-01-15 12:30:00-05:00,128876.76150609973,NONE,RANGE
2026-01-15 13:30:00-05:00,128876.76150609973,NONE,RANGE
2026-01-15 14:30:00-05:00,128876.76150609973,NONE,RANGE
2026-01-15 15:30:00-05:00,128876.76150609973,NONE,RANGE
2026-01-16 09:30:00-05:00,128876.76150609973,NONE,TREND_UP
2026-01-16 10:30:00-05:00,128876.76150609973,NONE,TREND_UP
2026-01-16 11:30:00-05:00,128876.76150609973,NONE,TREND_UP
2026-01-16 12:30:00-05:00,128876.76150609973,NONE,TREND_UP
2026-01-16 13:30:00-05:00,128876.76150609973,NONE,TREND_UP
2026-01-16 14:30:00-05:00,128876.76150609973,NONE,TREND_UP
2026-01-16 15:30:00-05:00,128876.76150609973,NONE,TREND_UP
2026-01-20 09:30:00-05:00,128876.76150609973,NONE,TREND_UP
2026-01-20 10:30:00-05:00,128876.76150609973,NONE,TREND_UP
2026-01-20 11:30:00-05:00,128876.76150609973,NONE,TREND_UP
2026-01-20 12:30:00-05:00,128876.76150609973,NONE,TREND_UP
2026-01-20 13:30:00-05:00,128876.76150609973,NONE,TREND_UP
2026-01-20 14:30:00-05:00,128876.76150609973,NONE,TREND_UP
2026-01-20 15:30:00-05:00,128876.76150609973,NONE,TREND_UP
2026-01-21 09:30:00-05:00,128876.76150609973,NONE,RANGE
2026-01-21 10:30:00-05:00,128876.76150609973,NONE,RANGE
2026-01-21 11:30:00-05:00,128876.76150609973,NONE,RANGE
2026-01-21 12:30:00-05:00,128876.76150609973,NONE,RANGE
2026-01-21 13:30:00-05:00,128876.76150609973,NONE,RANGE
2026-01-21 14:30:00-05:00,128876.76150609973,NONE,RANGE
2026-01-21 15:30:00-05:00,128876.76150609973,NONE,RANGE
2026-01-22 09:30:00-05:00,128876.76150609973,NONE,RANGE
2026-01-22 10:30:00-05:00,128876.76150609973,NONE,RANGE
2026-01-22 11:30:00-05:00,128876.76150609973,NONE,RANGE
2026-01-22 12:30:00-05:00,128876.76150609973,NONE,RANGE
2026-01-22 13:30:00-05:00,128876.76150609973,NONE,RANGE
2026-01-22 14:30:00-05:00,128876.76150609973,NONE,RANGE
2026-01-22 15:30:00-05:00,128876.76150609973,NONE,RANGE
2026-01-23 09:30:00-05:00,128876.76150609973,NONE,TREND_UP
2026-01-23 10:30:00-05:00,128876.76150609973,NONE,TREND_UP
2026-01-23 11:30:00-05:00,128876.76150609973,NONE,TREND_UP
2026-01-23 12:30:00-05:00,128876.76150609973,NONE,TREND_UP
2026-01-23 13:30:00-05:00,128876.76150609973,NONE,TREND_UP
2026-01-23 14:30:00-05:00,128876.76150609973,NONE,TREND_UP
2026-01-23 15:30:00-05:00,128876.76150609973,NONE,TREND_UP
2026-01-26 09:30:00-05:00,128876.76150609973,NONE,TREND_UP
2026-01-26 10:30:00-05:00,128876.76150609973,NONE,TREND_UP
2026-01-26 11:30:00-05:00,128876.76150609973,NONE,TREND_UP
2026-01-26 12:30:00-05:00,128876.76150609973,NONE,TREND_UP
2026-01-26 13:30:00-05:00,128876.76150609973,NONE,TREND_UP
2026-01-26 14:30:00-05:00,128876.76150609973,NONE,TREND_UP
2026-01-26 15:30:00-05:00,128876.76150609973,NONE,TREND_UP
2026-01-27 09:30:00-05:00,128876.76150609973,NONE,TREND_UP
2026-01-27 10:30:00-05:00,128876.76150609973,NONE,TREND_UP
2026-01-27 11:30:00-05:00,128876.76150609973,NONE,TREND_UP
2026-01-27 12:30:00-05:00,128876.76150609973,NONE,TREND_UP
2026-01-27 13:30:00-05:00,128876.76150609973,NONE,TREND_UP
2026-01-27 14:30:00-05:00,128876.76150609973,NONE,TREND_UP
2026-01-27 15:30:00-05:00,128876.76150609973,NONE,TREND_UP
2026-01-28 09:30:00-05:00,128876.76150609973,NONE,TREND_UP
2026-01-28 10:30:00-05:00,128876.76150609973,NONE,TREND_UP
2026-01-28 11:30:00-05:00,128876.76150609973,NONE,TREND_UP
2026-01-28 12:30:00-05:00,128876.76150609973,NONE,TREND_UP
2026-01-28 13:30:00-05:00,128876.76150609973,NONE,TREND_UP
2026-01-28 14:30:00-05:00,128876.76150609973,NONE,TREND_UP
2026-01-28 15:30:00-05:00,128876.76150609973,NONE,TREND_UP
2026-01-29 09:30:00-05:00,128876.76150609973,NONE,TREND_UP
2026-01-29 10:30:00-05:00,128876.76150609973,NONE,TREND_UP
2026-01-29 11:30:00-05:00,128876.76150609973,NONE,TREND_UP
2026-01-29 12:30:00-05:00,128876.76150609973,NONE,TREND_UP
2026-01-29 13:30:00-05:00,128876.76150609973,NONE,TREND_UP
2026-01-29 14:30:00-05:00,128876.76150609973,NONE,TREND_UP
2026-01-29 15:30:00-05:00,128876.76150609973,NONE,TREND_UP
2026-01-30 09:30:00-05:00,128876.76150609973,NONE,TREND_UP
2026-01-30 10:30:00-05:00,128876.76150609973,NONE,TREND_UP
2026-01-30 11:30:00-05:00,128876.76150609973,NONE,TREND_UP
2026-01-30 12:30:00-05:00,128876.76150609973,NONE,TREND_UP
2026-01-30 13:30:00-05:00,128876.76150609973,NONE,TREND_UP
2026-01-30 14:30:00-05:00,128876.76150609973,NONE,TREND_UP
2026-01-30 15:30:00-05:00,128876.76150609973,NONE,TREND_UP
2026-02-02 09:30:00-05:00,128876.76150609973,NONE,RANGE
2026-02-02 10:30:00-05:00,128876.76150609973,NONE,RANGE
2026-02-02 11:30:00-05:00,128876.76150609973,NONE,RANGE
2026-02-02 12:30:00-05:00,128876.76150609973,NONE,RANGE
2026-02-02 13:30:00-05:00,128876.76150609973,NONE,RANGE
2026-02-02 14:30:00-05:00,128876.76150609973,NONE,RANGE
2026-02-02 15:30:00-05:00,128876.76150609973,NONE,RANGE
2026-02-03 09:30:00-05:00,128876.76150609973,NONE,TREND_UP
2026-02-03 10:30:00-05:00,128876.76150609973,NONE,TREND_UP
2026-02-03 11:30:00-05:00,128876.76150609973,NONE,TREND_UP
2026-02-03 12:30:00-05:00,128876.76150609973,NONE,TREND_UP
2026-02-03 13:30:00-05:00,128876.76150609973,NONE,TREND_UP
2026-02-03 14:30:00-05:00,128876.76150609973,NONE,TREND_UP
2026-02-03 15:30:00-05:00,128876.76150609973,NONE,TREND_UP
2026-02-04 09:30:00-05:00,128876.76150609973,NONE,RANGE
2026-02-04 10:30:00-05:00,128876.76150609973,NONE,RANGE
2026-02-04 11:30:00-05:00,128876.76150609973,NONE,RANGE
2026-02-04 12:30:00-05:00,128876.76150609973,NONE,RANGE
2026-02-04 13:30:00-05:00,129335.40177155689,RANGE,RANGE
2026-02-04 14:30:00-05:00,130982.28270722584,RANGE,RANGE
2026-02-04 15:30:00-05:00,130917.57218716052,NONE,RANGE
2026-02-05 09:30:00-05:00,130917.57218716052,NONE,RANGE
2026-02-05 10:30:00-05:00,130917.57218716052,NONE,RANGE
2026-02-05 11:30:00-05:00,130917.57218716052,NONE,RANGE
2026-02-05 12:30:00-05:00,130917.57218716052,NONE,RANGE
2026-02-05 13:30:00-05:00,130917.57218716052,NONE,RANGE
2026-02-05 14:30:00-05:00,130917.57218716052,NONE,RANGE
2026-02-05 15:30:00-05:00,130917.57218716052,NONE,RANGE
2026-02-06 09:30:00-05:00,130917.57218716052,NONE,RANGE
2026-02-06 10:30:00-05:00,130917.57218716052,NONE,RANGE
2026-02-06 11:30:00-05:00,130917.57218716052,NONE,RANGE
2026-02-06 12:30:00-05:00,130917.57218716052,NONE,RANGE
2026-02-06 13:30:00-05:00,130917.57218716052,NONE,RANGE
2026-02-06 14:30:00-05:00,130917.57218716052,NONE,RANGE
2026-02-06 15:30:00-05:00,130917.57218716052,NONE,RANGE
2026-02-09 09:30:00-05:00,130917.57218716052,NONE,RANGE
2026-02-09 10:30:00-05:00,130917.57218716052,NONE,RANGE
2026-02-09 11:30:00-05:00,130917.57218716052,NONE,RANGE
2026-02-09 12:30:00-05:00,130917.57218716052,NONE,RANGE
2026-02-09 13:30:00-05:00,130917.57218716052,NONE,RANGE
2026-02-09 14:30:00-05:00,130917.57218716052,NONE,RANGE
2026-02-09 15:30:00-05:00,130917.57218716052,NONE,RANGE
2026-02-10 09:30:00-05:00,130917.57218716052,NONE,RANGE
2026-02-10 10:30:00-05:00,130917.57218716052,NONE,RANGE
2026-02-10 11:30:00-05:00,130917.57218716052,NONE,RANGE
2026-02-10 12:30:00-05:00,130917.57218716052,NONE,RANGE
2026-02-10 13:30:00-05:00,130917.57218716052,NONE,RANGE
2026-02-10 14:30:00-05:00,130917.57218716052,NONE,RANGE
2026-02-10 15:30:00-05:00,130917.57218716052,NONE,RANGE
2026-02-11 09:30:00-05:00,130917.57218716052,NONE,RANGE
2026-02-11 10:30:00-05:00,130917.57218716052,NONE,RANGE
2026-02-11 11:30:00-05:00,130917.57218716052,NONE,RANGE
2026-02-11 12:30:00-05:00,130917.57218716052,NONE,RANGE
2026-02-11 13:30:00-05:00,130917.57218716052,NONE,RANGE
2026-02-11 14:30:00-05:00,130917.57218716052,NONE,RANGE
2026-02-11 15:30:00-05:00,130917.57218716052,NONE,RANGE
2026-02-12 09:30:00-05:00,130917.57218716052,NONE,RANGE
2026-02-12 10:30:00-05:00,130917.57218716052,NONE,RANGE
2026-02-12 11:30:00-05:00,130917.57218716052,NONE,RANGE
2026-02-12 12:30:00-05:00,130917.57218716052,NONE,RANGE
2026-02-12 13:30:00-05:00,130917.57218716052,NONE,RANGE
2026-02-12 14:30:00-05:00,130917.57218716052,NONE,RANGE
2026-02-12 15:30:00-05:00,130917.57218716052,NONE,RANGE
2026-02-13 09:30:00-05:00,130917.57218716052,NONE,RANGE
2026-02-13 10:30:00-05:00,130917.57218716052,NONE,RANGE
2026-02-13 11:30:00-05:00,130917.57218716052,NONE,RANGE
2026-02-13 12:30:00-05:00,130917.57218716052,NONE,RANGE
2026-02-13 13:30:00-05:00,130917.57218716052,NONE,RANGE
2026-02-13 14:30:00-05:00,130917.57218716052,NONE,RANGE
2026-02-13 15:30:00-05:00,130917.57218716052,NONE,RANGE
2026-02-17 09:30:00-05:00,130917.57218716052,NONE,TREND_DOWN
2026-02-17 10:30:00-05:00,130917.57218716052,NONE,TREND_DOWN
2026-02-17 11:30:00-05:00,130917.57218716052,NONE,TREND_DOWN
2026-02-17 12:30:00-05:00,130917.57218716052,NONE,TREND_DOWN
2026-02-17 13:30:00-05:00,130917.57218716052,NONE,TREND_DOWN
2026-02-17 14:30:00-05:00,130917.57218716052,NONE,TREND_DOWN
2026-02-17 15:30:00-05:00,130917.57218716052,NONE,TREND_DOWN
2026-02-18 09:30:00-05:00,130917.57218716052,NONE,TREND_DOWN
2026-02-18 10:30:00-05:00,130917.57218716052,NONE,TREND_DOWN
2026-02-18 11:30:00-05:00,130917.57218716052,NONE,TREND_DOWN
2026-02-18 12:30:00-05:00,130917.57218716052,NONE,TREND_DOWN
2026-02-18 13:30:00-05:00,130917.57218716052,NONE,TREND_DOWN
2026-02-18 14:30:00-05:00,130917.57218716052,NONE,TREND_DOWN
2026-02-18 15:30:00-05:00,130917.57218716052,NONE,TREND_DOWN
2026-02-19 09:30:00-05:00,130917.57218716052,NONE,TREND_DOWN
2026-02-19 10:30:00-05:00,130917.57218716052,NONE,TREND_DOWN
2026-02-19 11:30:00-05:00,130917.57218716052,NONE,TREND_DOWN
2026-02-19 12:30:00-05:00,130917.57218716052,NONE,TREND_DOWN
2026-02-19 13:30:00-05:00,130917.57218716052,NONE,TREND_DOWN
2026-02-19 14:30:00-05:00,130917.57218716052,NONE,TREND_DOWN
2026-02-19 15:30:00-05:00,130917.57218716052,NONE,TREND_DOWN
2026-02-20 09:30:00-05:00,130917.57218716052,NONE,TREND_DOWN
2026-02-20 10:30:00-05:00,130917.57218716052,NONE,TREND_DOWN
2026-02-20 11:30:00-05:00,130917.57218716052,NONE,TREND_DOWN
2026-02-20 12:30:00-05:00,130917.57218716052,NONE,TREND_DOWN
2026-02-20 13:30:00-05:00,130917.57218716052,NONE,TREND_DOWN
2026-02-20 14:30:00-05:00,130917.57218716052,NONE,TREND_DOWN
2026-02-20 15:30:00-05:00,130917.57218716052,NONE,TREND_DOWN
2026-02-23 09:30:00-05:00,130917.57218716052,NONE,TREND_DOWN
2026-02-23 10:30:00-05:00,130917.57218716052,NONE,TREND_DOWN
2026-02-23 11:30:00-05:00,130917.57218716052,NONE,TREND_DOWN
2026-02-23 12:30:00-05:00,130917.57218716052,NONE,TREND_DOWN
2026-02-23 13:30:00-05:00,130917.57218716052,NONE,TREND_DOWN
2026-02-23 14:30:00-05:00,130917.57218716052,NONE,TREND_DOWN
2026-02-23 15:30:00-05:00,130917.57218716052,NONE,TREND_DOWN
2026-02-24 09:30:00-05:00,130917.57218716052,NONE,TREND_DOWN
2026-02-24 10:30:00-05:00,130917.57218716052,NONE,TREND_DOWN
2026-02-24 11:30:00-05:00,130917.57218716052,NONE,TREND_DOWN
2026-02-24 12:30:00-05:00,130917.57218716052,NONE,TREND_DOWN
2026-02-24 13:30:00-05:00,130917.57218716052,NONE,TREND_DOWN
2026-02-24 14:30:00-05:00,130917.57218716052,NONE,TREND_DOWN
2026-02-24 15:30:00-05:00,130917.57218716052,NONE,TREND_DOWN
2026-02-25 09:30:00-05:00,130917.57218716052,NONE,TREND_DOWN
2026-02-25 10:30:00-05:00,130917.57218716052,NONE,TREND_DOWN
2026-02-25 11:30:00-05:00,130917.57218716052,NONE,TREND_DOWN
2026-02-25 12:30:00-05:00,130917.57218716052,NONE,TREND_DOWN
2026-02-25 13:30:00-05:00,130917.57218716052,NONE,TREND_DOWN
2026-02-25 14:30:00-05:00,130917.57218716052,NONE,TREND_DOWN
2026-02-25 15:30:00-05:00,130917.57218716052,NONE,TREND_DOWN
2026-02-26 09:30:00-05:00,130917.57218716052,NONE,RANGE
2026-02-26 10:30:00-05:00,130917.57218716052,NONE,RANGE
2026-02-26 11:30:00-05:00,130917.57218716052,NONE,RANGE
2026-02-26 12:30:00-05:00,130917.57218716052,NONE,RANGE
2026-02-26 13:30:00-05:00,130917.57218716052,NONE,RANGE
2026-02-26 14:30:00-05:00,130917.57218716052,NONE,RANGE
2026-02-26 15:30:00-05:00,130917.57218716052,NONE,RANGE
2026-02-27 09:30:00-05:00,130917.57218716052,NONE,TREND_DOWN
2026-02-27 10:30:00-05:00,130917.57218716052,NONE,TREND_DOWN
2026-02-27 11:30:00-05:00,130917.57218716052,NONE,TREND_DOWN
2026-02-27 12:30:00-05:00,130917.57218716052,NONE,TREND_DOWN
2026-02-27 13:30:00-05:00,130917.57218716052,NONE,TREND_DOWN
2026-02-27 14:30:00-05:00,130917.57218716052,NONE,TREND_DOWN
2026-02-27 15:30:00-05:00,130917.57218716052,NONE,TREND_DOWN
2026-03-02 09:30:00-05:00,130917.57218716052,NONE,TREND_DOWN
2026-03-02 10:30:00-05:00,130917.57218716052,NONE,TREND_DOWN
2026-03-02 11:30:00-05:00,130917.57218716052,NONE,TREND_DOWN
2026-03-02 12:30:00-05:00,130917.57218716052,NONE,TREND_DOWN
2026-03-02 13:30:00-05:00,130917.57218716052,NONE,TREND_DOWN
2026-03-02 14:30:00-05:00,130917.57218716052,NONE,TREND_DOWN
2026-03-02 15:30:00-05:00,130917.57218716052,NONE,TREND_DOWN
2026-03-03 09:30:00-05:00,130917.57218716052,NONE,TREND_DOWN
2026-03-03 10:30:00-05:00,130917.57218716052,NONE,TREND_DOWN
2026-03-03 11:30:00-05:00,130917.57218716052,NONE,TREND_DOWN
2026-03-03 12:30:00-05:00,130917.57218716052,NONE,TREND_DOWN
2026-03-03 13:30:00-05:00,130917.57218716052,NONE,TREND_DOWN
2026-03-03 14:30:00-05:00,130917.57218716052,NONE,TREND_DOWN
2026-03-03 15:30:00-05:00,130917.57218716052,NONE,TREND_DOWN
2026-03-04 09:30:00-05:00,130917.57218716052,NONE,TREND_DOWN
2026-03-04 10:30:00-05:00,130917.57218716052,NONE,TREND_DOWN
2026-03-04 11:30:00-05:00,130917.57218716052,NONE,TREND_DOWN
2026-03-04 12:30:00-05:00,130917.57218716052,NONE,TREND_DOWN
2026-03-04 13:30:00-05:00,130917.57218716052,NONE,TREND_DOWN
2026-03-04 14:30:00-05:00,130917.57218716052,NONE,TREND_DOWN
2026-03-04 15:30:00-05:00,130917.57218716052,NONE,TREND_DOWN
2026-03-05 09:30:00-05:00,130917.57218716052,NONE,RANGE
2026-03-05 10:30:00-05:00,130917.57218716052,NONE,RANGE
2026-03-05 11:30:00-05:00,130917.57218716052,NONE,RANGE
2026-03-05 12:30:00-05:00,130917.57218716052,NONE,RANGE
2026-03-05 13:30:00-05:00,130917.57218716052,NONE,RANGE
2026-03-05 14:30:00-05:00,130917.57218716052,NONE,RANGE
2026-03-05 15:30:00-05:00,130917.57218716052,NONE,RANGE
2026-03-06 09:30:00-05:00,130917.57218716052,NONE,TREND_DOWN
2026-03-06 10:30:00-05:00,130917.57218716052,NONE,TREND_DOWN
2026-03-06 11:30:00-05:00,130917.57218716052,NONE,TREND_DOWN
2026-03-06 12:30:00-05:00,130917.57218716052,NONE,TREND_DOWN
2026-03-06 13:30:00-05:00,130917.57218716052,NONE,TREND_DOWN
2026-03-06 14:30:00-05:00,130917.57218716052,NONE,TREND_DOWN
2026-03-06 15:30:00-05:00,130917.57218716052,NONE,TREND_DOWN
2026-03-09 09:30:00-04:00,130917.57218716052,NONE,TREND_DOWN
2026-03-09 10:30:00-04:00,130917.57218716052,NONE,TREND_DOWN
2026-03-09 11:30:00-04:00,130917.57218716052,NONE,TREND_DOWN
2026-03-09 12:30:00-04:00,130917.57218716052,NONE,TREND_DOWN
2026-03-09 13:30:00-04:00,130917.57218716052,NONE,TREND_DOWN
2026-03-09 14:30:00-04:00,130917.57218716052,NONE,TREND_DOWN
2026-03-09 15:30:00-04:00,130917.57218716052,NONE,TREND_DOWN
2026-03-10 09:30:00-04:00,130917.57218716052,NONE,TREND_DOWN
2026-03-10 10:30:00-04:00,130917.57218716052,NONE,TREND_DOWN
2026-03-10 11:30:00-04:00,130917.57218716052,NONE,TREND_DOWN
2026-03-10 12:30:00-04:00,130917.57218716052,NONE,TREND_DOWN
2026-03-10 13:30:00-04:00,130917.57218716052,NONE,TREND_DOWN
2026-03-10 14:30:00-04:00,130917.57218716052,NONE,TREND_DOWN
2026-03-10 15:30:00-04:00,130917.57218716052,NONE,TREND_DOWN
2026-03-11 09:30:00-04:00,130917.57218716052,NONE,TREND_DOWN
2026-03-11 10:30:00-04:00,130917.57218716052,NONE,TREND_DOWN
2026-03-11 11:30:00-04:00,130917.57218716052,NONE,TREND_DOWN
2026-03-11 12:30:00-04:00,130917.57218716052,NONE,TREND_DOWN
2026-03-11 13:30:00-04:00,130917.57218716052,NONE,TREND_DOWN
2026-03-11 14:30:00-04:00,130917.57218716052,NONE,TREND_DOWN
2026-03-11 15:30:00-04:00,130917.57218716052,NONE,TREND_DOWN
2026-03-12 09:30:00-04:00,130917.57218716052,NONE,TREND_DOWN
2026-03-12 10:30:00-04:00,130917.57218716052,NONE,TREND_DOWN
2026-03-12 11:30:00-04:00,130917.57218716052,NONE,TREND_DOWN
2026-03-12 12:30:00-04:00,130917.57218716052,NONE,TREND_DOWN
2026-03-12 13:30:00-04:00,130917.57218716052,NONE,TREND_DOWN
2026-03-12 14:30:00-04:00,130917.57218716052,NONE,TREND_DOWN
2026-03-12 15:30:00-04:00,130917.57218716052,NONE,TREND_DOWN
2026-03-13 09:30:00-04:00,130917.57218716052,NONE,TREND_DOWN
2026-03-13 10:30:00-04:00,130917.57218716052,NONE,TREND_DOWN
2026-03-13 11:30:00-04:00,130917.57218716052,NONE,TREND_DOWN
2026-03-13 12:30:00-04:00,130917.57218716052,NONE,TREND_DOWN
2026-03-13 13:30:00-04:00,130917.57218716052,NONE,TREND_DOWN
2026-03-13 14:30:00-04:00,130917.57218716052,NONE,TREND_DOWN
2026-03-13 15:30:00-04:00,130917.57218716052,NONE,TREND_DOWN
2026-03-16 09:30:00-04:00,130917.57218716052,NONE,TREND_DOWN
2026-03-16 10:30:00-04:00,130917.57218716052,NONE,TREND_DOWN
2026-03-16 11:30:00-04:00,130917.57218716052,NONE,TREND_DOWN
2026-03-16 12:30:00-04:00,130917.57218716052,NONE,TREND_DOWN
2026-03-16 13:30:00-04:00,130917.57218716052,NONE,TREND_DOWN
2026-03-16 14:30:00-04:00,130917.57218716052,NONE,TREND_DOWN
2026-03-16 15:30:00-04:00,130917.57218716052,NONE,TREND_DOWN
2026-03-17 09:30:00-04:00,130917.57218716052,NONE,TREND_DOWN
2026-03-17 10:30:00-04:00,130917.57218716052,NONE,TREND_DOWN
2026-03-17 11:30:00-04:00,130917.57218716052,NONE,TREND_DOWN
2026-03-17 12:30:00-04:00,130917.57218716052,NONE,TREND_DOWN
2026-03-17 13:30:00-04:00,130917.57218716052,NONE,TREND_DOWN
2026-03-17 14:30:00-04:00,130917.57218716052,NONE,TREND_DOWN
2026-03-17 15:30:00-04:00,130917.57218716052,NONE,TREND_DOWN
2026-03-18 09:30:00-04:00,130917.57218716052,NONE,TREND_DOWN
2026-03-18 10:30:00-04:00,130917.57218716052,NONE,TREND_DOWN
2026-03-18 11:30:00-04:00,130917.57218716052,NONE,TREND_DOWN
2026-03-18 12:30:00-04:00,130917.57218716052,NONE,TREND_DOWN
2026-03-18 13:30:00-04:00,130917.57218716052,NONE,TREND_DOWN
2026-03-18 14:30:00-04:00,130917.57218716052,NONE,TREND_DOWN
2026-03-18 15:30:00-04:00,130917.57218716052,NONE,TREND_DOWN
2026-03-19 09:30:00-04:00,130917.57218716052,NONE,TREND_DOWN
2026-03-19 10:30:00-04:00,130917.57218716052,NONE,TREND_DOWN
2026-03-19 11:30:00-04:00,130917.57218716052,NONE,TREND_DOWN
2026-03-19 12:30:00-04:00,130917.57218716052,NONE,TREND_DOWN
2026-03-19 13:30:00-04:00,130917.57218716052,NONE,TREND_DOWN
2026-03-19 14:30:00-04:00,130917.57218716052,NONE,TREND_DOWN
2026-03-19 15:30:00-04:00,130917.57218716052,NONE,TREND_DOWN
2026-03-20 09:30:00-04:00,130917.57218716052,NONE,TREND_DOWN
2026-03-20 10:30:00-04:00,130917.57218716052,NONE,TREND_DOWN
2026-03-20 11:30:00-04:00,130917.57218716052,NONE,TREND_DOWN
2026-03-20 12:30:00-04:00,130917.57218716052,NONE,TREND_DOWN
2026-03-20 13:30:00-04:00,130917.57218716052,NONE,TREND_DOWN
2026-03-20 14:30:00-04:00,130917.57218716052,NONE,TREND_DOWN
2026-03-20 15:30:00-04:00,130917.57218716052,NONE,TREND_DOWN
2026-03-23 09:30:00-04:00,130917.57218716052,NONE,TREND_DOWN
2026-03-23 10:30:00-04:00,130917.57218716052,NONE,TREND_DOWN
2026-03-23 11:30:00-04:00,130917.57218716052,NONE,TREND_DOWN
2026-03-23 12:30:00-04:00,130917.57218716052,NONE,TREND_DOWN
2026-03-23 13:30:00-04:00,130917.57218716052,NONE,TREND_DOWN
2026-03-23 14:30:00-04:00,130917.57218716052,NONE,TREND_DOWN
2026-03-23 15:30:00-04:00,130917.57218716052,NONE,TREND_DOWN
2026-03-24 09:30:00-04:00,130917.57218716052,NONE,TREND_DOWN
2026-03-24 10:30:00-04:00,130917.57218716052,NONE,TREND_DOWN
2026-03-24 11:30:00-04:00,130917.57218716052,NONE,TREND_DOWN
2026-03-24 12:30:00-04:00,130917.57218716052,NONE,TREND_DOWN
2026-03-24 13:30:00-04:00,130917.57218716052,NONE,TREND_DOWN
2026-03-24 14:30:00-04:00,130917.57218716052,NONE,TREND_DOWN
2026-03-24 15:30:00-04:00,130917.57218716052,NONE,TREND_DOWN
2026-03-25 09:30:00-04:00,130917.57218716052,NONE,TREND_DOWN
2026-03-25 10:30:00-04:00,130917.57218716052,NONE,TREND_DOWN
2026-03-25 11:30:00-04:00,130917.57218716052,NONE,TREND_DOWN
2026-03-25 12:30:00-04:00,130917.57218716052,NONE,TREND_DOWN
2026-03-25 13:30:00-04:00,130917.57218716052,NONE,TREND_DOWN
2026-03-25 14:30:00-04:00,130917.57218716052,NONE,TREND_DOWN
2026-03-25 15:30:00-04:00,130917.57218716052,NONE,TREND_DOWN
2026-03-26 09:30:00-04:00,130917.57218716052,NONE,TREND_DOWN
2026-03-26 10:30:00-04:00,130917.57218716052,NONE,TREND_DOWN
2026-03-26 11:30:00-04:00,130917.57218716052,NONE,TREND_DOWN
2026-03-26 12:30:00-04:00,130917.57218716052,NONE,TREND_DOWN
2026-03-26 13:30:00-04:00,130917.57218716052,NONE,TREND_DOWN
2026-03-26 14:30:00-04:00,130917.57218716052,NONE,TREND_DOWN
2026-03-26 15:30:00-04:00,130917.57218716052,NONE,TREND_DOWN
2026-03-27 09:30:00-04:00,130917.57218716052,NONE,TREND_DOWN
2026-03-27 10:30:00-04:00,130917.57218716052,NONE,TREND_DOWN
2026-03-27 11:30:00-04:00,130917.57218716052,NONE,TREND_DOWN
2026-03-27 12:30:00-04:00,130917.57218716052,NONE,TREND_DOWN
2026-03-27 13:30:00-04:00,130917.57218716052,NONE,TREND_DOWN
2026-03-27 14:30:00-04:00,130917.57218716052,NONE,TREND_DOWN
2026-03-27 15:30:00-04:00,130917.57218716052,NONE,TREND_DOWN
2026-03-30 09:30:00-04:00,130917.57218716052,NONE,TREND_DOWN
2026-03-30 10:30:00-04:00,130917.57218716052,NONE,TREND_DOWN
2026-03-30 11:30:00-04:00,130917.57218716052,NONE,TREND_DOWN
2026-03-30 12:30:00-04:00,130917.57218716052,NONE,TREND_DOWN
2026-03-30 13:30:00-04:00,130917.57218716052,NONE,TREND_DOWN
2026-03-30 14:30:00-04:00,130917.57218716052,NONE,TREND_DOWN
2026-03-30 15:30:00-04:00,130917.57218716052,NONE,TREND_DOWN
2026-03-31 09:30:00-04:00,130917.57218716052,NONE,TREND_DOWN
2026-03-31 10:30:00-04:00,130917.57218716052,NONE,TREND_DOWN
2026-03-31 11:30:00-04:00,130917.57218716052,NONE,TREND_DOWN
2026-03-31 12:30:00-04:00,130917.57218716052,NONE,TREND_DOWN
2026-03-31 13:30:00-04:00,130917.57218716052,NONE,TREND_DOWN
2026-03-31 14:30:00-04:00,130917.57218716052,NONE,TREND_DOWN
2026-03-31 15:30:00-04:00,130917.57218716052,NONE,TREND_DOWN
2026-04-01 09:30:00-04:00,130917.57218716052,NONE,TREND_DOWN
2026-04-01 10:30:00-04:00,130917.57218716052,NONE,TREND_DOWN
2026-04-01 11:30:00-04:00,130917.57218716052,NONE,TREND_DOWN
2026-04-01 12:30:00-04:00,130917.57218716052,NONE,TREND_DOWN
2026-04-01 13:30:00-04:00,130917.57218716052,NONE,TREND_DOWN
2026-04-01 14:30:00-04:00,130917.57218716052,NONE,TREND_DOWN
2026-04-01 15:30:00-04:00,130917.57218716052,NONE,TREND_DOWN
2026-04-02 09:30:00-04:00,130917.57218716052,NONE,TREND_DOWN
2026-04-02 10:30:00-04:00,130917.57218716052,NONE,TREND_DOWN
2026-04-02 11:30:00-04:00,130917.57218716052,NONE,TREND_DOWN
2026-04-02 12:30:00-04:00,130917.57218716052,NONE,TREND_DOWN
2026-04-02 13:30:00-04:00,130917.57218716052,NONE,TREND_DOWN
2026-04-02 14:30:00-04:00,130917.57218716052,NONE,TREND_DOWN
2026-04-02 15:30:00-04:00,130917.57218716052,NONE,TREND_DOWN
2026-04-06 09:30:00-04:00,130917.57218716052,NONE,TREND_DOWN
2026-04-06 10:30:00-04:00,130917.57218716052,NONE,TREND_DOWN
2026-04-06 11:30:00-04:00,130917.57218716052,NONE,TREND_DOWN
2026-04-06 12:30:00-04:00,130917.57218716052,NONE,TREND_DOWN
2026-04-06 13:30:00-04:00,130917.57218716052,NONE,TREND_DOWN
2026-04-06 14:30:00-04:00,130917.57218716052,NONE,TREND_DOWN
2026-04-06 15:30:00-04:00,130917.57218716052,NONE,TREND_DOWN
2026-04-07 09:30:00-04:00,130917.57218716052,NONE,RANGE
2026-04-07 10:30:00-04:00,130917.57218716052,NONE,RANGE
2026-04-07 11:30:00-04:00,130917.57218716052,NONE,RANGE
2026-04-07 12:30:00-04:00,130917.57218716052,NONE,RANGE
2026-04-07 13:30:00-04:00,130917.57218716052,NONE,RANGE
2026-04-07 14:30:00-04:00,130917.57218716052,NONE,RANGE
2026-04-07 15:30:00-04:00,130917.57218716052,NONE,RANGE
2026-04-08 09:30:00-04:00,130917.57218716052,NONE,RANGE
2026-04-08 10:30:00-04:00,130917.57218716052,NONE,RANGE
2026-04-08 11:30:00-04:00,130917.57218716052,NONE,RANGE
2026-04-08 12:30:00-04:00,130917.57218716052,NONE,RANGE
2026-04-08 13:30:00-04:00,130917.57218716052,NONE,RANGE
2026-04-08 14:30:00-04:00,130917.57218716052,NONE,RANGE
2026-04-08 15:30:00-04:00,130917.57218716052,NONE,RANGE
2026-04-09 09:30:00-04:00,130917.57218716052,NONE,RANGE
2026-04-09 10:30:00-04:00,130917.57218716052,NONE,RANGE
2026-04-09 11:30:00-04:00,130917.57218716052,NONE,RANGE
2026-04-09 12:30:00-04:00,130917.57218716052,NONE,RANGE
2026-04-09 13:30:00-04:00,130917.57218716052,NONE,RANGE
2026-04-09 14:30:00-04:00,130917.57218716052,NONE,RANGE
2026-04-09 15:30:00-04:00,130917.57218716052,NONE,RANGE
2026-04-10 09:30:00-04:00,130917.57218716052,NONE,RANGE
2026-04-10 10:30:00-04:00,130917.57218716052,NONE,RANGE
2026-04-10 11:30:00-04:00,130917.57218716052,NONE,RANGE
2026-04-10 12:30:00-04:00,130917.57218716052,NONE,RANGE
2026-04-10 13:30:00-04:00,130917.57218716052,NONE,RANGE
2026-04-10 14:30:00-04:00,130917.57218716052,NONE,RANGE
2026-04-10 15:30:00-04:00,130917.57218716052,NONE,RANGE
2026-04-13 09:30:00-04:00,130917.57218716052,NONE,RANGE
2026-04-13 10:30:00-04:00,130917.57218716052,NONE,RANGE
2026-04-13 11:30:00-04:00,130917.57218716052,NONE,RANGE
2026-04-13 12:30:00-04:00,130917.57218716052,NONE,RANGE
2026-04-13 13:30:00-04:00,130917.57218716052,NONE,RANGE
2026-04-13 14:30:00-04:00,130917.57218716052,NONE,RANGE
2026-04-13 15:30:00-04:00,130917.57218716052,NONE,RANGE
2026-04-14 09:30:00-04:00,130917.57218716052,NONE,RANGE
2026-04-14 10:30:00-04:00,130917.57218716052,NONE,RANGE
2026-04-14 11:30:00-04:00,130917.57218716052,NONE,RANGE
2026-04-14 12:30:00-04:00,130917.57218716052,NONE,RANGE
2026-04-14 13:30:00-04:00,130917.57218716052,NONE,RANGE
2026-04-14 14:30:00-04:00,130917.57218716052,NONE,RANGE
2026-04-14 15:30:00-04:00,130917.57218716052,NONE,RANGE
2026-04-15 09:30:00-04:00,130917.57218716052,NONE,RANGE
2026-04-15 10:30:00-04:00,130917.57218716052,NONE,RANGE
2026-04-15 11:30:00-04:00,130917.57218716052,NONE,RANGE
2026-04-15 12:30:00-04:00,130917.57218716052,NONE,RANGE
2026-04-15 13:30:00-04:00,130917.57218716052,NONE,RANGE
2026-04-15 14:30:00-04:00,130917.57218716052,NONE,RANGE
2026-04-15 15:30:00-04:00,130917.57218716052,NONE,RANGE
2026-04-16 09:30:00-04:00,130917.57218716052,NONE,RANGE
2026-04-16 10:30:00-04:00,130917.57218716052,NONE,RANGE
2026-04-16 11:30:00-04:00,130917.57218716052,NONE,RANGE
2026-04-16 12:30:00-04:00,130917.57218716052,NONE,RANGE
2026-04-16 13:30:00-04:00,130917.57218716052,NONE,RANGE
2026-04-16 14:30:00-04:00,130917.57218716052,NONE,RANGE
2026-04-16 15:30:00-04:00,130917.57218716052,NONE,RANGE
2026-04-17 09:30:00-04:00,130917.57218716052,NONE,TREND_UP
2026-04-17 10:30:00-04:00,130917.57218716052,NONE,TREND_UP
2026-04-17 11:30:00-04:00,130917.57218716052,NONE,TREND_UP
2026-04-17 12:30:00-04:00,130917.57218716052,NONE,TREND_UP
2026-04-17 13:30:00-04:00,130917.57218716052,NONE,TREND_UP
2026-04-17 14:30:00-04:00,130917.57218716052,NONE,TREND_UP
2026-04-17 15:30:00-04:00,130917.57218716052,NONE,TREND_UP
2026-04-20 09:30:00-04:00,130917.57218716052,NONE,TREND_UP
2026-04-20 10:30:00-04:00,130917.57218716052,NONE,TREND_UP
2026-04-20 11:30:00-04:00,130917.57218716052,NONE,TREND_UP
2026-04-20 12:30:00-04:00,130917.57218716052,NONE,TREND_UP
2026-04-20 13:30:00-04:00,130917.57218716052,NONE,TREND_UP
2026-04-20 14:30:00-04:00,130917.57218716052,NONE,TREND_UP
2026-04-20 15:30:00-04:00,130917.57218716052,NONE,TREND_UP
2026-04-21 09:30:00-04:00,130917.57218716052,NONE,TREND_UP
2026-04-21 10:30:00-04:00,130917.57218716052,NONE,TREND_UP
2026-04-21 11:30:00-04:00,130917.57218716052,NONE,TREND_UP
2026-04-21 12:30:00-04:00,130917.57218716052,NONE,TREND_UP
2026-04-21 13:30:00-04:00,130917.57218716052,NONE,TREND_UP
2026-04-21 14:30:00-04:00,130917.57218716052,NONE,TREND_UP
2026-04-21 15:30:00-04:00,130917.57218716052,NONE,TREND_UP
2026-04-22 09:30:00-04:00,130917.57218716052,NONE,TREND_UP
2026-04-22 10:30:00-04:00,130917.57218716052,NONE,TREND_UP
2026-04-22 11:30:00-04:00,130917.57218716052,NONE,TREND_UP
2026-04-22 12:30:00-04:00,130917.57218716052,NONE,TREND_UP
2026-04-22 13:30:00-04:00,130917.57218716052,NONE,TREND_UP
2026-04-22 14:30:00-04:00,130917.57218716052,NONE,TREND_UP
2026-04-22 15:30:00-04:00,130917.57218716052,NONE,TREND_UP
2026-04-23 09:30:00-04:00,130917.57218716052,NONE,TREND_UP
2026-04-23 10:30:00-04:00,130917.57218716052,NONE,TREND_UP
2026-04-23 11:30:00-04:00,130917.57218716052,NONE,TREND_UP
2026-04-23 12:30:00-04:00,130917.57218716052,NONE,TREND_UP
2026-04-23 13:30:00-04:00,130917.57218716052,NONE,TREND_UP
2026-04-23 14:30:00-04:00,130917.57218716052,NONE,TREND_UP
2026-04-23 15:30:00-04:00,130917.57218716052,NONE,TREND_UP
2026-04-24 09:30:00-04:00,130917.57218716052,NONE,TREND_UP
2026-04-24 10:30:00-04:00,130917.57218716052,NONE,TREND_UP
2026-04-24 11:30:00-04:00,130917.57218716052,NONE,TREND_UP
2026-04-24 12:30:00-04:00,130917.57218716052,NONE,TREND_UP
2026-04-24 13:30:00-04:00,130917.57218716052,NONE,TREND_UP
2026-04-24 14:30:00-04:00,130917.57218716052,NONE,TREND_UP
2026-04-24 15:30:00-04:00,130917.57218716052,NONE,TREND_UP
2026-04-27 09:30:00-04:00,130917.57218716052,NONE,TREND_UP
2026-04-27 10:30:00-04:00,130917.57218716052,NONE,TREND_UP
2026-04-27 11:30:00-04:00,130917.57218716052,NONE,TREND_UP
2026-04-27 12:30:00-04:00,130917.57218716052,NONE,TREND_UP
2026-04-27 13:30:00-04:00,130917.57218716052,NONE,TREND_UP
2026-04-27 14:30:00-04:00,130917.57218716052,NONE,TREND_UP
2026-04-27 15:30:00-04:00,130917.57218716052,NONE,TREND_UP
2026-04-28 09:30:00-04:00,130917.57218716052,NONE,TREND_UP
2026-04-28 10:30:00-04:00,130917.57218716052,NONE,TREND_UP
2026-04-28 11:30:00-04:00,130917.57218716052,NONE,TREND_UP
2026-04-28 12:30:00-04:00,130917.57218716052,NONE,TREND_UP
2026-04-28 13:30:00-04:00,130917.57218716052,NONE,TREND_UP
2026-04-28 14:30:00-04:00,130917.57218716052,NONE,TREND_UP
2026-04-28 15:30:00-04:00,130917.57218716052,NONE,TREND_UP
2026-04-29 09:30:00-04:00,130917.57218716052,NONE,TREND_UP
2026-04-29 10:30:00-04:00,130917.57218716052,NONE,TREND_UP
2026-04-29 11:30:00-04:00,130917.57218716052,NONE,TREND_UP
2026-04-29 12:30:00-04:00,130917.57218716052,NONE,TREND_UP
2026-04-29 13:30:00-04:00,130917.57218716052,NONE,TREND_UP
2026-04-29 14:30:00-04:00,130917.57218716052,NONE,TREND_UP
2026-04-29 15:30:00-04:00,130917.57218716052,NONE,TREND_UP
2026-04-30 09:30:00-04:00,130917.57218716052,NONE,TREND_UP
2026-04-30 10:30:00-04:00,130917.57218716052,NONE,TREND_UP
2026-04-30 11:30:00-04:00,130917.57218716052,NONE,TREND_UP
2026-04-30 12:30:00-04:00,130917.57218716052,NONE,TREND_UP
2026-04-30 13:30:00-04:00,130917.57218716052,NONE,TREND_UP
2026-04-30 14:30:00-04:00,130917.57218716052,NONE,TREND_UP
2026-04-30 15:30:00-04:00,130917.57218716052,NONE,TREND_UP
2026-05-01 09:30:00-04:00,130917.57218716052,NONE,TREND_UP
2026-05-01 10:30:00-04:00,130917.57218716052,NONE,TREND_UP
2026-05-01 11:30:00-04:00,130917.57218716052,NONE,TREND_UP
2026-05-01 12:30:00-04:00,130917.57218716052,NONE,TREND_UP
2026-05-01 13:30:00-04:00,130917.57218716052,NONE,TREND_UP
2026-05-01 14:30:00-04:00,130917.57218716052,NONE,TREND_UP
2026-05-01 15:30:00-04:00,130917.57218716052,NONE,TREND_UP
2026-05-04 09:30:00-04:00,130917.57218716052,NONE,TREND_UP
2026-05-04 10:30:00-04:00,130917.57218716052,NONE,TREND_UP
2026-05-04 11:30:00-04:00,130917.57218716052,NONE,TREND_UP
2026-05-04 12:30:00-04:00,130917.57218716052,NONE,TREND_UP
2026-05-04 13:30:00-04:00,130917.57218716052,NONE,TREND_UP
2026-05-04 14:30:00-04:00,130917.57218716052,NONE,TREND_UP
2026-05-04 15:30:00-04:00,130917.57218716052,NONE,TREND_UP
2026-05-05 09:30:00-04:00,130917.57218716052,NONE,TREND_UP
2026-05-05 10:30:00-04:00,130917.57218716052,NONE,TREND_UP
2026-05-05 11:30:00-04:00,130917.57218716052,NONE,TREND_UP
2026-05-05 12:30:00-04:00,130917.57218716052,NONE,TREND_UP
2026-05-05 13:30:00-04:00,130917.57218716052,NONE,TREND_UP
2026-05-05 14:30:00-04:00,130917.57218716052,NONE,TREND_UP
2026-05-05 15:30:00-04:00,130917.57218716052,NONE,TREND_UP
2026-05-06 09:30:00-04:00,130917.57218716052,NONE,TREND_UP
2026-05-06 10:30:00-04:00,130917.57218716052,NONE,TREND_UP
2026-05-06 11:30:00-04:00,130917.57218716052,NONE,TREND_UP
2026-05-06 12:30:00-04:00,130917.57218716052,NONE,TREND_UP
2026-05-06 13:30:00-04:00,130917.57218716052,NONE,TREND_UP
2026-05-06 14:30:00-04:00,130917.57218716052,NONE,TREND_UP
2026-05-06 15:30:00-04:00,130917.57218716052,NONE,TREND_UP
2026-05-07 09:30:00-04:00,130917.57218716052,NONE,TREND_UP
2026-05-07 10:30:00-04:00,130917.57218716052,NONE,TREND_UP
2026-05-07 11:30:00-04:00,130917.57218716052,NONE,TREND_UP
2026-05-07 12:30:00-04:00,130917.57218716052,NONE,TREND_UP
2026-05-07 13:30:00-04:00,130917.57218716052,NONE,TREND_UP
2026-05-07 14:30:00-04:00,130917.57218716052,NONE,TREND_UP
2026-05-07 15:30:00-04:00,130917.57218716052,NONE,TREND_UP
2026-05-08 09:30:00-04:00,130917.57218716052,NONE,TREND_UP
2026-05-08 10:30:00-04:00,130917.57218716052,NONE,TREND_UP
2026-05-08 11:30:00-04:00,130917.57218716052,NONE,TREND_UP
2026-05-08 12:30:00-04:00,130917.57218716052,NONE,TREND_UP
2026-05-08 13:30:00-04:00,130917.57218716052,NONE,TREND_UP
2026-05-08 14:30:00-04:00,130917.57218716052,NONE,TREND_UP
2026-05-08 15:30:00-04:00,130917.57218716052,NONE,TREND_UP
2026-05-11 09:30:00-04:00,130917.57218716052,NONE,TREND_UP
2026-05-11 10:30:00-04:00,130917.57218716052,NONE,TREND_UP
2026-05-11 11:30:00-04:00,130917.57218716052,NONE,TREND_UP
2026-05-11 12:30:00-04:00,130917.57218716052,NONE,TREND_UP
2026-05-11 13:30:00-04:00,130917.57218716052,NONE,TREND_UP
2026-05-11 14:30:00-04:00,130917.57218716052,NONE,TREND_UP
2026-05-11 15:30:00-04:00,130917.57218716052,NONE,TREND_UP
2026-05-12 09:30:00-04:00,130917.57218716052,NONE,TREND_UP
2026-05-12 10:30:00-04:00,130917.57218716052,NONE,TREND_UP
2026-05-12 11:30:00-04:00,130917.57218716052,NONE,TREND_UP
2026-05-12 12:30:00-04:00,130917.57218716052,NONE,TREND_UP
2026-05-12 13:30:00-04:00,130917.57218716052,NONE,TREND_UP
2026-05-12 14:30:00-04:00,130917.57218716052,NONE,TREND_UP
2026-05-12 15:30:00-04:00,130917.57218716052,NONE,TREND_UP
2026-05-13 09:30:00-04:00,130917.57218716052,NONE,TREND_UP
2026-05-13 10:30:00-04:00,130917.57218716052,NONE,TREND_UP
2026-05-13 11:30:00-04:00,130917.57218716052,NONE,TREND_UP
2026-05-13 12:30:00-04:00,130917.57218716052,NONE,TREND_UP
2026-05-13 13:30:00-04:00,130917.57218716052,NONE,TREND_UP
2026-05-13 14:30:00-04:00,130917.57218716052,NONE,TREND_UP
2026-05-13 15:30:00-04:00,130917.57218716052,NONE,TREND_UP
2026-05-14 09:30:00-04:00,130917.57218716052,NONE,TREND_UP
2026-05-14 10:30:00-04:00,130917.57218716052,NONE,TREND_UP
2026-05-14 11:30:00-04:00,130917.57218716052,NONE,TREND_UP
2026-05-14 12:30:00-04:00,130917.57218716052,NONE,TREND_UP
2026-05-14 13:30:00-04:00,130917.57218716052,NONE,TREND_UP
2026-05-14 14:30:00-04:00,130917.57218716052,NONE,TREND_UP
2026-05-14 15:30:00-04:00,130917.57218716052,NONE,TREND_UP
2026-05-15 09:30:00-04:00,130917.57218716052,NONE,TREND_UP
2026-05-15 10:30:00-04:00,130917.57218716052,NONE,TREND_UP
2026-05-15 11:30:00-04:00,130917.57218716052,NONE,TREND_UP
2026-05-15 12:30:00-04:00,130917.57218716052,NONE,TREND_UP
2026-05-15 13:30:00-04:00,130917.57218716052,NONE,TREND_UP
2026-05-15 14:30:00-04:00,130917.57218716052,NONE,TREND_UP
2026-05-15 15:30:00-04:00,130917.57218716052,NONE,TREND_UP
2026-05-18 09:30:00-04:00,130917.57218716052,NONE,TREND_UP
2026-05-18 10:30:00-04:00,130917.57218716052,NONE,TREND_UP
2026-05-18 11:30:00-04:00,130917.57218716052,NONE,TREND_UP
2026-05-18 12:30:00-04:00,130917.57218716052,NONE,TREND_UP
2026-05-18 13:30:00-04:00,130917.57218716052,NONE,TREND_UP
2026-05-18 14:30:00-04:00,130917.57218716052,NONE,TREND_UP
2026-05-18 15:30:00-04:00,130917.57218716052,NONE,TREND_UP
2026-05-19 09:30:00-04:00,130917.57218716052,NONE,TREND_UP
2026-05-19 10:30:00-04:00,134563.5639326134,TREND,TREND_UP
2026-05-19 11:30:00-04:00,139536.04952831654,TREND,TREND_UP
2026-05-19 12:30:00-04:00,143158.64578075794,TREND,TREND_UP
2026-05-19 13:30:00-04:00,141666.62090893177,TREND,TREND_UP
2026-05-19 14:30:00-04:00,140726.592680172,TREND,TREND_UP
2026-05-19 15:30:00-04:00,139143.024320797,TREND,TREND_UP
2026-05-20 09:30:00-04:00,150262.62090893177,TREND,TREND_UP
2026-05-20 10:30:00-04:00,150520.50915356068,TREND,TREND_UP
2026-05-20 11:30:00-04:00,148935.28249950794,TREND,TREND_UP
2026-05-20 12:30:00-04:00,150041.6461164513,TREND,TREND_UP
2026-05-20 13:30:00-04:00,150238.06503124622,TREND,TREND_UP
2026-05-20 14:30:00-04:00,151502.7161542931,TREND,TREND_UP
2026-05-20 15:30:00-04:00,152291.89578075794,TREND,TREND_UP
2026-05-21 09:30:00-04:00,151027.05727978138,TREND,TREND_UP
2026-05-21 10:30:00-04:00,150713.91128368763,TREND,TREND_UP
2026-05-21 11:30:00-04:00,151487.55727978138,TREND,TREND_UP
2026-05-21 12:30:00-04:00,154017.2342817345,TREND,TREND_UP
2026-05-21 13:30:00-04:00,154548.34765453724,TREND,TREND_UP
2026-05-21 14:30:00-04:00,154186.0805341759,TREND,TREND_UP
2026-05-21 15:30:00-04:00,155292.20992870716,TREND,TREND_UP
2026-05-22 09:30:00-04:00,161968.5324079552,TREND,TREND_UP
2026-05-22 10:30:00-04:00,164178.9361555138,TREND,TREND_UP
2026-05-22 11:30:00-04:00,163979.3880292931,TREND,TREND_UP
2026-05-22 12:30:00-04:00,165526.66128368763,TREND,TREND_UP
2026-05-22 13:30:00-04:00,164617.94390697865,TREND,TREND_UP
2026-05-22 14:30:00-04:00,162223.34765453724,TREND,TREND_UP
2026-05-22 15:30:00-04:00,162739.10540600208,TREND,TREND_UP
2026-05-26 09:30:00-04:00,182893.6535322228,TREND,TREND_UP
2026-05-26 10:30:00-04:00,180760.00915356068,TREND,TREND_UP
2026-05-26 11:30:00-04:00,181027.09765453727,TREND,TREND_UP
2026-05-26 12:30:00-04:00,181478.3880292931,TREND,TREND_UP
2026-05-26 13:30:00-04:00,183555.5473310509,TREND,TREND_UP
2026-05-26 14:30:00-04:00,184560.66128368766,TREND,TREND_UP
2026-05-26 15:30:00-04:00,184468.63061352161,TREND,TREND_UP
2026-05-27 09:30:00-04:00,172612.22653026966,TREND,TREND_UP
2026-05-27 10:30:00-04:00,174626.14578075794,TREND,TREND_UP
2026-05-27 11:30:00-04:00,174515.77853124624,NONE,TREND_UP
2026-05-27 12:30:00-04:00,174515.77853124624,NONE,TREND_UP
2026-05-27 13:30:00-04:00,174515.77853124624,NONE,TREND_UP
2026-05-27 14:30:00-04:00,174515.77853124624,NONE,TREND_UP
2026-05-27 15:30:00-04:00,174515.77853124624,NONE,TREND_UP
2026-05-28 09:30:00-04:00,174515.77853124624,NONE,TREND_UP
2026-05-28 10:30:00-04:00,174515.77853124624,NONE,TREND_UP
2026-05-28 11:30:00-04:00,174515.77853124624,NONE,TREND_UP
2026-05-28 12:30:00-04:00,174515.77853124624,NONE,TREND_UP
2026-05-28 13:30:00-04:00,174515.77853124624,NONE,TREND_UP
2026-05-28 14:30:00-04:00,174515.77853124624,NONE,TREND_UP
2026-05-28 15:30:00-04:00,174515.77853124624,NONE,TREND_UP
2026-05-29 09:30:00-04:00,174515.77853124624,NONE,TREND_UP
2026-05-29 10:30:00-04:00,174515.77853124624,NONE,TREND_UP
2026-05-29 11:30:00-04:00,174515.77853124624,NONE,TREND_UP
2026-05-29 12:30:00-04:00,174515.77853124624,NONE,TREND_UP
2026-05-29 13:30:00-04:00,174515.77853124624,NONE,TREND_UP
2026-05-29 14:30:00-04:00,174515.77853124624,NONE,TREND_UP
2026-05-29 15:30:00-04:00,174515.77853124624,NONE,TREND_UP
2026-06-01 09:30:00-04:00,174515.77853124624,NONE,TREND_UP
2026-06-01 10:30:00-04:00,174515.77853124624,NONE,TREND_UP
2026-06-01 11:30:00-04:00,174515.77853124624,NONE,TREND_UP
2026-06-01 12:30:00-04:00,174515.77853124624,NONE,TREND_UP
2026-06-01 13:30:00-04:00,174515.77853124624,NONE,TREND_UP
2026-06-01 14:30:00-04:00,174515.77853124624,NONE,TREND_UP
2026-06-01 15:30:00-04:00,174515.77853124624,NONE,TREND_UP
2026-06-02 09:30:00-04:00,174515.77853124624,NONE,TREND_UP
2026-06-02 10:30:00-04:00,174515.77853124624,NONE,TREND_UP
2026-06-02 11:30:00-04:00,174515.77853124624,NONE,TREND_UP
2026-06-02 12:30:00-04:00,174515.77853124624,NONE,TREND_UP
2026-06-02 13:30:00-04:00,174515.77853124624,NONE,TREND_UP
2026-06-02 14:30:00-04:00,174515.77853124624,NONE,TREND_UP
2026-06-02 15:30:00-04:00,174515.77853124624,NONE,TREND_UP
2026-06-03 09:30:00-04:00,174515.77853124624,NONE,TREND_UP
2026-06-03 10:30:00-04:00,174515.77853124624,NONE,TREND_UP
2026-06-03 11:30:00-04:00,174515.77853124624,NONE,TREND_UP
2026-06-03 12:30:00-04:00,174515.77853124624,NONE,TREND_UP
2026-06-03 13:30:00-04:00,174515.77853124624,NONE,TREND_UP
2026-06-03 14:30:00-04:00,174515.77853124624,NONE,TREND_UP
2026-06-03 15:30:00-04:00,174515.77853124624,NONE,TREND_UP
2026-06-04 09:30:00-04:00,174515.77853124624,NONE,TREND_UP
2026-06-04 10:30:00-04:00,174515.77853124624,NONE,TREND_UP
2026-06-04 11:30:00-04:00,174515.77853124624,NONE,TREND_UP
2026-06-04 12:30:00-04:00,174515.77853124624,NONE,TREND_UP
2026-06-04 13:30:00-04:00,174515.77853124624,NONE,TREND_UP
2026-06-04 14:30:00-04:00,174515.77853124624,NONE,TREND_UP
2026-06-04 15:30:00-04:00,174515.77853124624,NONE,TREND_UP
2026-06-05 09:30:00-04:00,174515.77853124624,NONE,TREND_UP
2026-06-05 10:30:00-04:00,174515.77853124624,NONE,TREND_UP
2026-06-05 11:30:00-04:00,174515.77853124624,NONE,TREND_UP
2026-06-05 12:30:00-04:00,174515.77853124624,NONE,TREND_UP
2026-06-05 13:30:00-04:00,174515.77853124624,NONE,TREND_UP
2026-06-05 14:30:00-04:00,174515.77853124624,NONE,TREND_UP
2026-06-05 15:30:00-04:00,174515.77853124624,NONE,TREND_UP
2026-06-08 09:30:00-04:00,174515.77853124624,NONE,RANGE
2026-06-08 10:30:00-04:00,174515.77853124624,NONE,RANGE
2026-06-08 11:30:00-04:00,174515.77853124624,NONE,RANGE
2026-06-08 12:30:00-04:00,174515.77853124624,NONE,RANGE
2026-06-08 13:30:00-04:00,174515.77853124624,NONE,RANGE
2026-06-08 14:30:00-04:00,174515.77853124624,NONE,RANGE
2026-06-08 15:30:00-04:00,174515.77853124624,NONE,RANGE
2026-06-09 09:30:00-04:00,174515.77853124624,NONE,RANGE
2026-06-09 10:30:00-04:00,174515.77853124624,NONE,RANGE
2026-06-09 11:30:00-04:00,174515.77853124624,NONE,RANGE
2026-06-09 12:30:00-04:00,174515.77853124624,NONE,RANGE
2026-06-09 13:30:00-04:00,174515.77853124624,NONE,RANGE
2026-06-09 14:30:00-04:00,174515.77853124624,NONE,RANGE
2026-06-09 15:30:00-04:00,174515.77853124624,NONE,RANGE
2026-06-10 09:30:00-04:00,174515.77853124624,NONE,RANGE
2026-06-10 10:30:00-04:00,174515.77853124624,NONE,RANGE
2026-06-10 11:30:00-04:00,174515.77853124624,NONE,RANGE
2026-06-10 12:30:00-04:00,174515.77853124624,NONE,RANGE
2026-06-10 13:30:00-04:00,174515.77853124624,NONE,RANGE
2026-06-10 14:30:00-04:00,174515.77853124624,NONE,RANGE
2026-06-10 15:30:00-04:00,174515.77853124624,NONE,RANGE
2026-06-11 09:30:00-04:00,174515.77853124624,NONE,RANGE
2026-06-11 10:30:00-04:00,174515.77853124624,NONE,RANGE
2026-06-11 11:30:00-04:00,174515.77853124624,NONE,RANGE
2026-06-11 12:30:00-04:00,174515.77853124624,NONE,RANGE
2026-06-11 13:30:00-04:00,174515.77853124624,NONE,RANGE
2026-06-11 14:30:00-04:00,174515.77853124624,NONE,RANGE
2026-06-11 15:30:00-04:00,174515.77853124624,NONE,RANGE
2026-06-12 09:30:00-04:00,174515.77853124624,NONE,TREND_UP
2026-06-12 10:30:00-04:00,174515.77853124624,NONE,TREND_UP
2026-06-12 11:30:00-04:00,174515.77853124624,NONE,TREND_UP
2026-06-12 12:30:00-04:00,174515.77853124624,NONE,TREND_UP
2026-06-12 13:30:00-04:00,174515.77853124624,NONE,TREND_UP
2026-06-12 14:30:00-04:00,174515.77853124624,NONE,TREND_UP
2026-06-12 15:30:00-04:00,174515.77853124624,NONE,TREND_UP
2026-06-15 09:30:00-04:00,174515.77853124624,NONE,TREND_UP
2026-06-15 10:30:00-04:00,174515.77853124624,NONE,TREND_UP
2026-06-15 11:30:00-04:00,174515.77853124624,NONE,TREND_UP
2026-06-15 12:30:00-04:00,174515.77853124624,NONE,TREND_UP
2026-06-15 13:30:00-04:00,174515.77853124624,NONE,TREND_UP
2026-06-15 14:30:00-04:00,174515.77853124624,NONE,TREND_UP
2026-06-15 15:30:00-04:00,174515.77853124624,NONE,TREND_UP
2026-06-16 09:30:00-04:00,174515.77853124624,NONE,TREND_UP
2026-06-16 10:30:00-04:00,174515.77853124624,NONE,TREND_UP
2026-06-16 11:30:00-04:00,174515.77853124624,NONE,TREND_UP
2026-06-16 12:30:00-04:00,174515.77853124624,NONE,TREND_UP
2026-06-16 13:30:00-04:00,174515.77853124624,NONE,TREND_UP
2026-06-16 14:30:00-04:00,174515.77853124624,NONE,TREND_UP
2026-06-16 15:30:00-04:00,174515.77853124624,NONE,TREND_UP
2026-06-17 09:30:00-04:00,174515.77853124624,NONE,TREND_UP
2026-06-17 10:30:00-04:00,173983.0801675988,TREND,TREND_UP
2026-06-17 11:30:00-04:00,174571.32406408316,TREND,TREND_UP
2026-06-17 12:30:00-04:00,174945.2404459191,TREND,TREND_UP
2026-06-17 13:30:00-04:00,172394.01034338004,TREND,TREND_UP
2026-06-17 14:30:00-04:00,172674.3623941613,TREND,TREND_UP
2026-06-17 15:30:00-04:00,167859.00350744254,TREND,TREND_UP
2026-06-18 09:30:00-04:00,185866.43905431754,TREND,TREND_UP
2026-06-18 10:30:00-04:00,185659.80143249137,NONE,TREND_UP
2026-06-18 11:30:00-04:00,185659.80143249137,NONE,TREND_UP
2026-06-18 12:30:00-04:00,185659.80143249137,NONE,TREND_UP
2026-06-18 13:30:00-04:00,185659.80143249137,NONE,TREND_UP
2026-06-18 14:30:00-04:00,185659.80143249137,NONE,TREND_UP
2026-06-18 15:30:00-04:00,185659.80143249137,NONE,TREND_UP
2026-06-22 09:30:00-04:00,185659.80143249137,NONE,TREND_UP
2026-06-22 10:30:00-04:00,185659.80143249137,NONE,TREND_UP
2026-06-22 11:30:00-04:00,185659.80143249137,NONE,TREND_UP
2026-06-22 12:30:00-04:00,185659.80143249137,NONE,TREND_UP
2026-06-22 13:30:00-04:00,185659.80143249137,NONE,TREND_UP
2026-06-22 14:30:00-04:00,185659.80143249137,NONE,TREND_UP
2026-06-22 15:30:00-04:00,185659.80143249137,NONE,TREND_UP
2026-06-23 09:30:00-04:00,185659.80143249137,NONE,TREND_UP
2026-06-23 10:30:00-04:00,185659.80143249137,NONE,TREND_UP
2026-06-23 11:30:00-04:00,185659.80143249137,NONE,TREND_UP
2026-06-23 12:30:00-04:00,185659.80143249137,NONE,TREND_UP
2026-06-23 13:30:00-04:00,185659.80143249137,NONE,TREND_UP
2026-06-23 14:30:00-04:00,185659.80143249137,NONE,TREND_UP
2026-06-23 15:30:00-04:00,185659.80143249137,NONE,TREND_UP
2026-06-24 09:30:00-04:00,185659.80143249137,NONE,RANGE
2026-06-24 10:30:00-04:00,185659.80143249137,NONE,RANGE
2026-06-24 11:30:00-04:00,185659.80143249137,NONE,RANGE
2026-06-24 12:30:00-04:00,185659.80143249137,NONE,RANGE
2026-06-24 13:30:00-04:00,185659.80143249137,NONE,RANGE
2026-06-24 14:30:00-04:00,185659.80143249137,NONE,RANGE
2026-06-24 15:30:00-04:00,185659.80143249137,NONE,RANGE
2026-06-25 09:30:00-04:00,185659.80143249137,NONE,RANGE
2026-06-25 10:30:00-04:00,185659.80143249137,NONE,RANGE
2026-06-25 11:30:00-04:00,185659.80143249137,NONE,RANGE
2026-06-25 12:30:00-04:00,185659.80143249137,NONE,RANGE
2026-06-25 13:30:00-04:00,185659.80143249137,NONE,RANGE
2026-06-25 14:30:00-04:00,185659.80143249137,NONE,RANGE
2026-06-25 15:30:00-04:00,185659.80143249137,NONE,RANGE
2026-06-26 09:30:00-04:00,185659.80143249137,NONE,RANGE
2026-06-26 10:30:00-04:00,185659.80143249137,NONE,RANGE
2026-06-26 11:30:00-04:00,185659.80143249137,NONE,RANGE
2026-06-26 12:30:00-04:00,185659.80143249137,NONE,RANGE
2026-06-26 13:30:00-04:00,185659.80143249137,NONE,RANGE
2026-06-26 14:30:00-04:00,185659.80143249137,NONE,RANGE
2026-06-26 15:30:00-04:00,185659.80143249137,NONE,RANGE
2026-06-29 09:30:00-04:00,185659.80143249137,NONE,RANGE
2026-06-29 10:30:00-04:00,185659.80143249137,NONE,RANGE
2026-06-29 11:30:00-04:00,185659.80143249137,NONE,RANGE
2026-06-29 12:30:00-04:00,185659.80143249137,NONE,RANGE
2026-06-29 13:30:00-04:00,185659.80143249137,NONE,RANGE
2026-06-29 14:30:00-04:00,185659.80143249137,NONE,RANGE
2026-06-29 15:30:00-04:00,185659.80143249137,NONE,RANGE
2026-06-30 09:30:00-04:00,185659.80143249137,NONE,TREND_UP
2026-06-30 10:30:00-04:00,184469.96256438835,TREND,TREND_UP
2026-06-30 11:30:00-04:00,185466.10697356804,TREND,TREND_UP
2026-06-30 12:30:00-04:00,186629.29111663444,TREND,TREND_UP
2026-06-30 13:30:00-04:00,187105.7408236657,TREND,TREND_UP
2026-06-30 14:30:00-04:00,188502.64920989616,TREND,TREND_UP
2026-06-30 15:30:00-04:00,187376.0989169274,TREND,TREND_UP
2026-07-01 09:30:00-04:00,173974.88865081413,TREND,TREND_UP
2026-07-01 10:30:00-04:00,170991.01893035517,TREND,TREND_UP
2026-07-01 11:30:00-04:00,170818.80897356806,NONE,TREND_UP
2026-07-01 12:30:00-04:00,170818.80897356806,NONE,TREND_UP
2026-07-01 13:30:00-04:00,170818.80897356806,NONE,TREND_UP
2026-07-01 14:30:00-04:00,170818.80897356806,NONE,TREND_UP
2026-07-01 15:30:00-04:00,170818.80897356806,NONE,TREND_UP
2026-07-02 09:30:00-04:00,170818.80897356806,NONE,RANGE
2026-07-02 10:30:00-04:00,170818.80897356806,NONE,RANGE
2026-07-02 11:30:00-04:00,170818.80897356806,NONE,RANGE
2026-07-02 12:30:00-04:00,170818.80897356806,NONE,RANGE
2026-07-02 13:30:00-04:00,170818.80897356806,NONE,RANGE
2026-07-02 14:30:00-04:00,170818.80897356806,NONE,RANGE
2026-07-02 15:30:00-04:00,170818.80897356806,NONE,RANGE
2026-07-06 09:30:00-04:00,170818.80897356806,NONE,RANGE
2026-07-06 10:30:00-04:00,170818.80897356806,NONE,RANGE
2026-07-06 11:30:00-04:00,170818.80897356806,NONE,RANGE
2026-07-06 12:30:00-04:00,170818.80897356806,NONE,RANGE
2026-07-06 13:30:00-04:00,170818.80897356806,NONE,RANGE
2026-07-06 14:30:00-04:00,170818.80897356806,NONE,RANGE
2026-07-06 15:30:00-04:00,170818.80897356806,NONE,RANGE
2026-07-07 09:30:00-04:00,170818.80897356806,NONE,RANGE
2026-07-07 10:30:00-04:00,170818.80897356806,NONE,RANGE
2026-07-07 11:30:00-04:00,170818.80897356806,NONE,RANGE
2026-07-07 12:30:00-04:00,170818.80897356806,NONE,RANGE
2026-07-07 13:30:00-04:00,170818.80897356806,NONE,RANGE
2026-07-07 14:30:00-04:00,170818.80897356806,NONE,RANGE
2026-07-07 15:30:00-04:00,170818.80897356806,NONE,RANGE
2026-07-08 09:30:00-04:00,170818.80897356806,NONE,RANGE
2026-07-08 10:30:00-04:00,170818.80897356806,NONE,RANGE
2026-07-08 11:30:00-04:00,170818.80897356806,NONE,RANGE
2026-07-08 12:30:00-04:00,170818.80897356806,NONE,RANGE
2026-07-08 13:30:00-04:00,170818.80897356806,NONE,RANGE
2026-07-08 14:30:00-04:00,170818.80897356806,NONE,RANGE
2026-07-08 15:30:00-04:00,170818.80897356806,NONE,RANGE
2026-07-09 09:30:00-04:00,170818.80897356806,NONE,RANGE
2026-07-09 10:30:00-04:00,170818.80897356806,NONE,RANGE
2026-07-09 11:30:00-04:00,170818.80897356806,NONE,RANGE
2026-07-09 12:30:00-04:00,170818.80897356806,NONE,RANGE
2026-07-09 13:30:00-04:00,170818.80897356806,NONE,RANGE
2026-07-09 14:30:00-04:00,170818.80897356806,NONE,RANGE
2026-07-09 15:30:00-04:00,170818.80897356806,NONE,RANGE
2026-07-10 09:30:00-04:00,170818.80897356806,NONE,RANGE
2026-07-10 10:30:00-04:00,170818.80897356806,NONE,RANGE
2026-07-10 11:30:00-04:00,170818.80897356806,NONE,RANGE
2026-07-10 12:30:00-04:00,170818.80897356806,NONE,RANGE
2026-07-10 13:30:00-04:00,170818.80897356806,NONE,RANGE
2026-07-10 14:30:00-04:00,170818.80897356806,NONE,RANGE
2026-07-10 15:30:00-04:00,170818.80897356806,NONE,RANGE
2026-07-13 09:30:00-04:00,170818.80897356806,NONE,RANGE
2026-07-13 10:30:00-04:00,170818.80897356806,NONE,RANGE
2026-07-13 11:30:00-04:00,170818.80897356806,NONE,RANGE
2026-07-13 12:30:00-04:00,170818.80897356806,NONE,RANGE
2026-07-13 13:30:00-04:00,170818.80897356806,NONE,RANGE
2026-07-13 14:30:00-04:00,170818.80897356806,NONE,RANGE
2026-07-13 15:30:00-04:00,170818.80897356806,NONE,RANGE
2026-07-14 09:30:00-04:00,170818.80897356806,NONE,RANGE
2026-07-14 10:30:00-04:00,170818.80897356806,NONE,RANGE
2026-07-14 11:30:00-04:00,170818.80897356806,NONE,RANGE
2026-07-14 12:30:00-04:00,170818.80897356806,NONE,RANGE
2026-07-14 13:30:00-04:00,170818.80897356806,NONE,RANGE
2026-07-14 14:30:00-04:00,170818.80897356806,NONE,RANGE
2026-07-14 15:30:00-04:00,170818.80897356806,NONE,RANGE
2026-07-15 09:30:00-04:00,170818.80897356806,NONE,RANGE
2026-07-15 10:30:00-04:00,170818.80897356806,NONE,RANGE
2026-07-15 11:30:00-04:00,170818.80897356806,NONE,RANGE
2026-07-15 12:30:00-04:00,170818.80897356806,NONE,RANGE
2026-07-15 13:30:00-04:00,170818.80897356806,NONE,RANGE
2026-07-15 14:30:00-04:00,170818.80897356806,NONE,RANGE
2026-07-15 15:30:00-04:00,170818.80897356806,NONE,RANGE
2026-07-16 09:30:00-04:00,170818.80897356806,NONE,RANGE
2026-07-16 10:30:00-04:00,170818.80897356806,NONE,RANGE
2026-07-16 11:30:00-04:00,170818.80897356806,NONE,RANGE
2026-07-16 12:30:00-04:00,170818.80897356806,NONE,RANGE
2026-07-16 13:30:00-04:00,170818.80897356806,NONE,RANGE
2026-07-16 14:30:00-04:00,170818.80897356806,NONE,RANGE
2026-07-16 15:30:00-04:00,170818.80897356806,NONE,RANGE
2026-07-17 09:30:00-04:00,170818.80897356806,NONE,RANGE
2026-07-17 10:30:00-04:00,170818.80897356806,NONE,RANGE
2026-07-17 11:30:00-04:00,170818.80897356806,NONE,RANGE
2026-07-17 12:30:00-04:00,170818.80897356806,NONE,RANGE
2026-07-17 13:30:00-04:00,170818.80897356806,NONE,RANGE
2026-07-17 14:30:00-04:00,170818.80897356806,NONE,RANGE
2026-07-17 15:30:00-04:00,170818.80897356806,NONE,RANGE
2026-07-20 09:30:00-04:00,170818.80897356806,NONE,RANGE
2026-07-20 10:30:00-04:00,170818.80897356806,NONE,RANGE
2026-07-20 11:30:00-04:00,170818.80897356806,NONE,RANGE
2026-07-20 12:30:00-04:00,170818.80897356806,NONE,RANGE
2026-07-20 13:30:00-04:00,170818.80897356806,NONE,RANGE
2026-07-20 14:30:00-04:00,170818.80897356806,NONE,RANGE
2026-07-20 15:30:00-04:00,170818.80897356806,NONE,RANGE
2026-07-21 09:30:00-04:00,170818.80897356806,NONE,RANGE
2026-07-21 10:30:00-04:00,170818.80897356806,NONE,RANGE
2026-07-21 11:30:00-04:00,170818.80897356806,NONE,RANGE
2026-07-21 12:30:00-04:00,170818.80897356806,NONE,RANGE
2026-07-21 13:30:00-04:00,170818.80897356806,NONE,RANGE
2026-07-21 14:30:00-04:00,170818.80897356806,NONE,RANGE
2026-07-21 15:30:00-04:00,170818.80897356806,NONE,RANGE
2026-07-22 09:30:00-04:00,170818.80897356806,NONE,RANGE
2026-07-22 10:30:00-04:00,170818.80897356806,NONE,RANGE
2026-07-22 11:30:00-04:00,170818.80897356806,NONE,RANGE
2026-07-22 12:30:00-04:00,170818.80897356806,NONE,RANGE
2026-07-22 13:30:00-04:00,170818.80897356806,NONE,RANGE
2026-07-22 14:30:00-04:00,170818.80897356806,NONE,RANGE
2026-07-22 15:30:00-04:00,170818.80897356806,NONE,RANGE
2026-07-23 09:30:00-04:00,170818.80897356806,NONE,RANGE
2026-07-23 10:30:00-04:00,170818.80897356806,NONE,RANGE
2026-07-23 11:30:00-04:00,170818.80897356806,NONE,RANGE
2026-07-23 12:30:00-04:00,170818.80897356806,NONE,RANGE
2026-07-23 13:30:00-04:00,170818.80897356806,NONE,RANGE
2026-07-23 14:30:00-04:00,170818.80897356806,NONE,RANGE
2026-07-23 15:30:00-04:00,170818.80897356806,NONE,RANGE
2026-07-24 09:30:00-04:00,170818.80897356806,NONE,RANGE
2026-07-24 10:30:00-04:00,170818.80897356806,NONE,RANGE
2026-07-24 11:30:00-04:00,170818.80897356806,NONE,RANGE
2026-07-24 12:30:00-04:00,170818.80897356806,NONE,RANGE
2026-07-24 13:30:00-04:00,170818.80897356806,NONE,RANGE
2026-07-24 14:30:00-04:00,170818.80897356806,NONE,RANGE
2026-07-24 15:30:00-04:00,170818.80897356806,NONE,RANGE
2026-07-27 09:30:00-04:00,170818.80897356806,NONE,RANGE
2026-07-27 10:30:00-04:00,170818.80897356806,NONE,RANGE
2026-07-27 11:30:00-04:00,170818.80897356806,NONE,RANGE
2026-07-27 12:30:00-04:00,170818.80897356806,NONE,RANGE
2026-07-27 13:30:00-04:00,170818.80897356806,NONE,RANGE
2026-07-27 14:30:00-04:00,170818.80897356806,NONE,RANGE
2026-07-27 15:30:00-04:00,170818.80897356806,NONE,RANGE
2026-07-28 09:30:00-04:00,170818.80897356806,NONE,RANGE
2026-07-28 10:30:00-04:00,170818.80897356806,NONE,RANGE
2026-07-28 11:30:00-04:00,170818.80897356806,NONE,RANGE
2026-07-28 12:30:00-04:00,170818.80897356806,NONE,RANGE
2026-07-28 13:30:00-04:00,170818.80897356806,NONE,RANGE
2026-07-28 14:30:00-04:00,170818.80897356806,NONE,RANGE
2026-07-28 15:30:00-04:00,170818.80897356806,NONE,RANGE
2026-07-29 09:30:00-04:00,170818.80897356806,NONE,RANGE
2026-07-29 10:30:00-04:00,170818.80897356806,NONE,RANGE
2026-07-29 11:30:00-04:00,170818.80897356806,NONE,RANGE
2026-07-29 12:30:00-04:00,170818.80897356806,NONE,RANGE
2026-07-29 13:30:00-04:00,170818.80897356806,NONE,RANGE
2026-07-29 14:30:00-04:00,170818.80897356806,NONE,RANGE
2026-07-29 15:30:00-04:00,170818.80897356806,NONE,RANGE
2026-07-30 09:30:00-04:00,170818.80897356806,NONE,RANGE
2026-07-30 10:30:00-04:00,170818.80897356806,NONE,RANGE
2026-07-30 11:30:00-04:00,170818.80897356806,NONE,RANGE
2026-07-30 12:30:00-04:00,170818.80897356806,NONE,RANGE
2026-07-30 13:30:00-04:00,170818.80897356806,NONE,RANGE
2026-07-30 14:30:00-04:00,170818.80897356806,NONE,RANGE
2026-07-30 15:30:00-04:00,170818.80897356806,NONE,RANGE
2026-07-31 09:30:00-04:00,170818.80897356806,NONE,RANGE
2026-07-31 10:30:00-04:00,170818.80897356806,NONE,RANGE
2026-07-31 11:30:00-04:00,170818.80897356806,NONE,RANGE
2026-07-31 12:30:00-04:00,170818.80897356806,NONE,RANGE
2026-07-31 13:30:00-04:00,170818.80897356806,NONE,RANGE
2026-07-31 14:30:00-04:00,170818.80897356806,NONE,RANGE
2026-07-31 15:30:00-04:00,170818.80897356806,NONE,RANGE
2026-08-03 09:30:00-04:00,170818.80897356806,NONE,TREND_DOWN
2026-08-03 10:30:00-04:00,170818.80897356806,NONE,TREND_DOWN
2026-08-03 11:30:00-04:00,170818.80897356806,NONE,TREND_DOWN
2026-08-03 12:30:00-04:00,170818.80897356806,NONE,TREND_DOWN
2026-08-03 13:30:00-04:00,170818.80897356806,NONE,TREND_DOWN
2026-08-03 14:30:00-04:00,170818.80897356806,NONE,TREND_DOWN
2026-08-03 15:30:00-04:00,170818.80897356806,NONE,TREND_DOWN
2026-08-04 09:30:00-04:00,170818.80897356806,NONE,RANGE
2026-08-04 10:30:00-04:00,170818.80897356806,NONE,RANGE
2026-08-04 11:30:00-04:00,170818.80897356806,NONE,RANGE
2026-08-04 12:30:00-04:00,170818.80897356806,NONE,RANGE
2026-08-04 13:30:00-04:00,170818.80897356806,NONE,RANGE
2026-08-04 14:30:00-04:00,170818.80897356806,NONE,RANGE
2026-08-04 15:30:00-04:00,170818.80897356806,NONE,RANGE
2026-08-05 09:30:00-04:00,170818.80897356806,NONE,RANGE
2026-08-05 10:30:00-04:00,170818.80897356806,NONE,RANGE
2026-08-05 11:30:00-04:00,170818.80897356806,NONE,RANGE
2026-08-05 12:30:00-04:00,170818.80897356806,NONE,RANGE
2026-08-05 13:30:00-04:00,170818.80897356806,NONE,RANGE
2026-08-05 14:30:00-04:00,170818.80897356806,NONE,RANGE
2026-08-05 15:30:00-04:00,170818.80897356806,NONE,RANGE
2026-08-06 09:30:00-04:00,170818.80897356806,NONE,RANGE
2026-08-06 10:30:00-04:00,170818.80897356806,NONE,RANGE
2026-08-06 11:30:00-04:00,170818.80897356806,NONE,RANGE
2026-08-06 12:30:00-04:00,170818.80897356806,NONE,RANGE
2026-08-06 13:30:00-04:00,170818.80897356806,NONE,RANGE
2026-08-06 14:30:00-04:00,170818.80897356806,NONE,RANGE
2026-08-06 15:30:00-04:00,170818.80897356806,NONE,RANGE
2026-08-07 09:30:00-04:00,170818.80897356806,NONE,RANGE
2026-08-07 10:30:00-04:00,170818.80897356806,NONE,RANGE
2026-08-07 11:30:00-04:00,170818.80897356806,NONE,RANGE
2026-08-07 12:30:00-04:00,170818.80897356806,NONE,RANGE
2026-08-07 13:30:00-04:00,170818.80897356806,NONE,RANGE
2026-08-07 14:30:00-04:00,170818.80897356806,NONE,RANGE
2026-08-07 15:30:00-04:00,170818.80897356806,NONE,RANGE
2026-08-10 09:30:00-04:00,170818.80897356806,NONE,RANGE
2026-08-10 10:30:00-04:00,170818.80897356806,NONE,RANGE
2026-08-10 11:30:00-04:00,170818.80897356806,NONE,RANGE
2026-08-10 12:30:00-04:00,170818.80897356806,NONE,RANGE
2026-08-10 13:30:00-04:00,170818.80897356806,NONE,RANGE
2026-08-10 14:30:00-04:00,170818.80897356806,NONE,RANGE
2026-08-10 15:30:00-04:00,170818.80897356806,NONE,RANGE
2026-08-11 09:30:00-04:00,170818.80897356806,NONE,RANGE
2026-08-11 10:30:00-04:00,170818.80897356806,NONE,RANGE
2026-08-11 11:30:00-04:00,170818.80897356806,NONE,RANGE
2026-08-11 12:30:00-04:00,170818.80897356806,NONE,RANGE
2026-08-11 13:30:00-04:00,170818.80897356806,NONE,RANGE
2026-08-11 14:30:00-04:00,170818.80897356806,NONE,RANGE
2026-08-11 15:30:00-04:00,170818.80897356806,NONE,RANGE
2026-08-12 09:30:00-04:00,170818.80897356806,NONE,RANGE
2026-08-12 10:30:00-04:00,170818.80897356806,NONE,RANGE
2026-08-12 11:30:00-04:00,170818.80897356806,NONE,RANGE
2026-08-12 12:30:00-04:00,170818.80897356806,NONE,RANGE
2026-08-12 13:30:00-04:00,170818.80897356806,NONE,RANGE
2026-08-12 14:30:00-04:00,170818.80897356806,NONE,RANGE
2026-08-12 15:30:00-04:00,170818.80897356806,NONE,RANGE
2026-08-13 09:30:00-04:00,170818.80897356806,NONE,TREND_UP
2026-08-13 10:30:00-04:00,172437.49826800165,TREND,TREND_UP
2026-08-13 11:30:00-04:00,171848.6960219079,TREND,TREND_UP
2026-08-13 12:30:00-04:00,172371.26096331415,TREND,TREND_UP
2026-08-13 13:30:00-04:00,170840.3796156579,TREND,TREND_UP
2026-08-13 14:30:00-04:00,168198.13108050165,TREND,TREND_UP
2026-08-13 15:30:00-04:00,166873.34006487665,TREND,TREND_UP
2026-08-14 09:30:00-04:00,165143.6569594079,TREND,TREND_UP
2026-08-14 10:30:00-04:00,163543.1579359704,TREND,TREND_UP
2026-08-14 11:30:00-04:00,164275.26096331415,TREND,TREND_UP
2026-08-14 12:30:00-04:00,164148.71015667354,NONE,TREND_UP
2026-08-14 13:30:00-04:00,164148.71015667354,NONE,TREND_UP
2026-08-14 14:30:00-04:00,164148.71015667354,NONE,TREND_UP
2026-08-14 15:30:00-04:00,164148.71015667354,NONE,TREND_UP
2026-08-17 09:30:00-04:00,164148.71015667354,NONE,TREND_UP
2026-08-17 10:30:00-04:00,164148.71015667354,NONE,TREND_UP
2026-08-17 11:30:00-04:00,164148.71015667354,NONE,TREND_UP
2026-08-17 12:30:00-04:00,164148.71015667354,NONE,TREND_UP
2026-08-17 13:30:00-04:00,164148.71015667354,NONE,TREND_UP
2026-08-17 14:30:00-04:00,164148.71015667354,NONE,TREND_UP
2026-08-17 15:30:00-04:00,164148.71015667354,NONE,TREND_UP
2026-08-18 09:30:00-04:00,164148.71015667354,NONE,TREND_UP
2026-08-18 10:30:00-04:00,164148.71015667354,NONE,TREND_UP
2026-08-18 11:30:00-04:00,164148.71015667354,NONE,TREND_UP
2026-08-18 12:30:00-04:00,164148.71015667354,NONE,TREND_UP
2026-08-18 13:30:00-04:00,164148.71015667354,NONE,TREND_UP
2026-08-18 14:30:00-04:00,164148.71015667354,NONE,TREND_UP
2026-08-18 15:30:00-04:00,164148.71015667354,NONE,TREND_UP
2026-08-19 09:30:00-04:00,164148.71015667354,NONE,RANGE
2026-08-19 10:30:00-04:00,164148.71015667354,NONE,RANGE
2026-08-19 11:30:00-04:00,164148.71015667354,NONE,RANGE
2026-08-19 12:30:00-04:00,164148.71015667354,NONE,RANGE
2026-08-19 13:30:00-04:00,164148.71015667354,NONE,RANGE
2026-08-19 14:30:00-04:00,164148.71015667354,NONE,RANGE
2026-08-19 15:30:00-04:00,164148.71015667354,NONE,RANGE
2026-08-20 09:30:00-04:00,164148.71015667354,NONE,RANGE
2026-08-20 10:30:00-04:00,164148.71015667354,NONE,RANGE
2026-08-20 11:30:00-04:00,164148.71015667354,NONE,RANGE
2026-08-20 12:30:00-04:00,164148.71015667354,NONE,RANGE
2026-08-20 13:30:00-04:00,164148.71015667354,NONE,RANGE
2026-08-20 14:30:00-04:00,164148.71015667354,NONE,RANGE
2026-08-20 15:30:00-04:00,164148.71015667354,NONE,RANGE
2026-08-21 09:30:00-04:00,164148.71015667354,NONE,RANGE
2026-08-21 10:30:00-04:00,164148.71015667354,NONE,RANGE
2026-08-21 11:30:00-04:00,164148.71015667354,NONE,RANGE
2026-08-21 12:30:00-04:00,164148.71015667354,NONE,RANGE
2026-08-21 13:30:00-04:00,164148.71015667354,NONE,RANGE
2026-08-21 14:30:00-04:00,164148.71015667354,NONE,RANGE
2026-08-21 15:30:00-04:00,164148.71015667354,NONE,RANGE
2026-08-24 09:30:00-04:00,164148.71015667354,NONE,RANGE
2026-08-24 10:30:00-04:00,164148.71015667354,NONE,RANGE
2026-08-24 11:30:00-04:00,165932.26351462948,RANGE,RANGE
2026-08-24 12:30:00-04:00,165112.3119002496,RANGE,RANGE
2026-08-24 13:30:00-04:00,165048.69726500334,NONE,RANGE
2026-08-24 14:30:00-04:00,165048.69726500334,NONE,RANGE
2026-08-24 15:30:00-04:00,165048.69726500334,NONE,RANGE
2026-08-25 09:30:00-04:00,165048.69726500334,NONE,RANGE
2026-08-25 10:30:00-04:00,165048.69726500334,NONE,RANGE
2026-08-25 11:30:00-04:00,165048.69726500334,NONE,RANGE
2026-08-25 12:30:00-04:00,165048.69726500334,NONE,RANGE
2026-08-25 13:30:00-04:00,165048.69726500334,NONE,RANGE
2026-08-25 14:30:00-04:00,165048.69726500334,NONE,RANGE
2026-08-25 15:30:00-04:00,165048.69726500334,NONE,RANGE
2026-08-26 09:30:00-04:00,165048.69726500334,NONE,RANGE
2026-08-26 10:30:00-04:00,165048.69726500334,NONE,RANGE
2026-08-26 11:30:00-04:00,165048.69726500334,NONE,RANGE
2026-08-26 12:30:00-04:00,165048.69726500334,NONE,RANGE
2026-08-26 13:30:00-04:00,165048.69726500334,NONE,RANGE
2026-08-26 14:30:00-04:00,165048.69726500334,NONE,RANGE
2026-08-26 15:30:00-04:00,165048.69726500334,NONE,RANGE
2026-08-27 09:30:00-04:00,165048.69726500334,NONE,RANGE
2026-08-27 10:30:00-04:00,165048.69726500334,NONE,RANGE
2026-08-27 11:30:00-04:00,165048.69726500334,NONE,RANGE
2026-08-27 12:30:00-04:00,165048.69726500334,NONE,RANGE
2026-08-27 13:30:00-04:00,165048.69726500334,NONE,RANGE
2026-08-27 14:30:00-04:00,165048.69726500334,NONE,RANGE
2026-08-27 15:30:00-04:00,165048.69726500334,NONE,RANGE
2026-08-28 09:30:00-04:00,165048.69726500334,NONE,RANGE
2026-08-28 10:30:00-04:00,165048.69726500334,NONE,RANGE
2026-08-28 11:30:00-04:00,165048.69726500334,NONE,RANGE
2026-08-28 12:30:00-04:00,165048.69726500334,NONE,RANGE
2026-08-28 13:30:00-04:00,165048.69726500334,NONE,RANGE
2026-08-28 14:30:00-04:00,165048.69726500334,NONE,RANGE
2026-08-28 15:30:00-04:00,165048.69726500334,NONE,RANGE
2026-08-31 09:30:00-04:00,165048.69726500334,NONE,RANGE
2026-08-31 10:30:00-04:00,165048.69726500334,NONE,RANGE
2026-08-31 11:30:00-04:00,165048.69726500334,NONE,RANGE
2026-08-31 12:30:00-04:00,165048.69726500334,NONE,RANGE
2026-08-31 13:30:00-04:00,165048.69726500334,NONE,RANGE
2026-08-31 14:30:00-04:00,165048.69726500334,NONE,RANGE
2026-08-31 15:30:00-04:00,165048.69726500334,NONE,RANGE
2026-09-01 09:30:00-04:00,165048.69726500334,NONE,RANGE
2026-09-01 10:30:00-04:00,165048.69726500334,NONE,RANGE
2026-09-01 11:30:00-04:00,165048.69726500334,NONE,RANGE
2026-09-01 12:30:00-04:00,165048.69726500334,NONE,RANGE
2026-09-01 13:30:00-04:00,165048.69726500334,NONE,RANGE
2026-09-01 14:30:00-04:00,165048.69726500334,NONE,RANGE
2026-09-01 15:30:00-04:00,165048.69726500334,NONE,RANGE
2026-09-02 09:30:00-04:00,165048.69726500334,NONE,RANGE
2026-09-02 10:30:00-04:00,165048.69726500334,NONE,RANGE
2026-09-02 11:30:00-04:00,165048.69726500334,NONE,RANGE
2026-09-02 12:30:00-04:00,165048.69726500334,NONE,RANGE
2026-09-02 13:30:00-04:00,165048.69726500334,NONE,RANGE
2026-09-02 14:30:00-04:00,165048.69726500334,NONE,RANGE
2026-09-02 15:30:00-04:00,165048.69726500334,NONE,RANGE
2026-09-03 09:30:00-04:00,165048.69726500334,NONE,RANGE
2026-09-03 10:30:00-04:00,165048.69726500334,NONE,RANGE
2026-09-03 11:30:00-04:00,165048.69726500334,NONE,RANGE
2026-09-03 12:30:00-04:00,165048.69726500334,NONE,RANGE
2026-09-03 13:30:00-04:00,165048.69726500334,NONE,RANGE
2026-09-03 14:30:00-04:00,165048.69726500334,NONE,RANGE
2026-09-03 15:30:00-04:00,165048.69726500334,NONE,RANGE
2026-09-04 09:30:00-04:00,165048.69726500334,NONE,RANGE
2026-09-04 10:30:00-04:00,165048.69726500334,NONE,RANGE
2026-09-04 11:30:00-04:00,165048.69726500334,NONE,RANGE
2026-09-04 12:30:00-04:00,165048.69726500334,NONE,RANGE
2026-09-04 13:30:00-04:00,165048.69726500334,NONE,RANGE
2026-09-04 14:30:00-04:00,165048.69726500334,NONE,RANGE
2026-09-04 15:30:00-04:00,165048.69726500334,NONE,RANGE
2026-09-08 09:30:00-04:00,165048.69726500334,NONE,RANGE
2026-09-08 10:30:00-04:00,165048.69726500334,NONE,RANGE
2026-09-08 11:30:00-04:00,165048.69726500334,NONE,RANGE
2026-09-08 12:30:00-04:00,165048.69726500334,NONE,RANGE
2026-09-08 13:30:00-04:00,165048.69726500334,NONE,RANGE
2026-09-08 14:30:00-04:00,165048.69726500334,NONE,RANGE
2026-09-08 15:30:00-04:00,165048.69726500334,NONE,RANGE
2026-09-09 09:30:00-04:00,165048.69726500334,NONE,TREND_UP
2026-09-09 10:30:00-04:00,162163.0343941385,TREND,TREND_UP
2026-09-09 11:30:00-04:00,162735.5946510965,TREND,TREND_UP
2026-09-09 12:30:00-04:00,163611.27542197052,TREND,TREND_UP
2026-09-09 13:30:00-04:00,163595.2797859842,TREND,TREND_UP
2026-09-09 14:30:00-04:00,163278.6882485086,TREND,TREND_UP
2026-09-09 15:30:00-04:00,163893.3446510965,TREND,TREND_UP
2026-09-10 09:30:00-04:00,156471.11259543244,TREND,TREND_UP
2026-09-10 10:30:00-04:00,157700.4382485086,TREND,TREND_UP
2026-09-10 11:30:00-04:00,157604.65576994722,NONE,TREND_UP
2026-09-10 12:30:00-04:00,157604.65576994722,NONE,TREND_UP
2026-09-10 13:30:00-04:00,157604.65576994722,NONE,TREND_UP
2026-09-10 14:30:00-04:00,157604.65576994722,NONE,TREND_UP
2026-09-10 15:30:00-04:00,157604.65576994722,NONE,TREND_UP
2026-09-11 09:30:00-04:00,157604.65576994722,NONE,RANGE
2026-09-11 10:30:00-04:00,157604.65576994722,NONE,RANGE
2026-09-11 11:30:00-04:00,157604.65576994722,NONE,RANGE
2026-09-11 12:30:00-04:00,157604.65576994722,NONE,RANGE
2026-09-11 13:30:00-04:00,157604.65576994722,NONE,RANGE
2026-09-11 14:30:00-04:00,157604.65576994722,NONE,RANGE
2026-09-11 15:30:00-04:00,157604.65576994722,NONE,RANGE
2026-09-14 09:30:00-04:00,157604.65576994722,NONE,TREND_UP
2026-09-14 10:30:00-04:00,157604.65576994722,NONE,TREND_UP
2026-09-14 11:30:00-04:00,157604.65576994722,NONE,TREND_UP
2026-09-14 12:30:00-04:00,157604.65576994722,NONE,TREND_UP
2026-09-14 13:30:00-04:00,157604.65576994722,NONE,TREND_UP
2026-09-14 14:30:00-04:00,157604.65576994722,NONE,TREND_UP
2026-09-14 15:30:00-04:00,157604.65576994722,NONE,TREND_UP
2026-09-15 09:30:00-04:00,157604.65576994722,NONE,RANGE
2026-09-15 10:30:00-04:00,157604.65576994722,NONE,RANGE
2026-09-15 11:30:00-04:00,157604.65576994722,NONE,RANGE
2026-09-15 12:30:00-04:00,157604.65576994722,NONE,RANGE
2026-09-15 13:30:00-04:00,157604.65576994722,NONE,RANGE
2026-09-15 14:30:00-04:00,157604.65576994722,NONE,RANGE
2026-09-15 15:30:00-04:00,157604.65576994722,NONE,RANGE
2026-09-16 09:30:00-04:00,157604.65576994722,NONE,RANGE
2026-09-16 10:30:00-04:00,157604.65576994722,NONE,RANGE
2026-09-16 11:30:00-04:00,157604.65576994722,NONE,RANGE
2026-09-16 12:30:00-04:00,157604.65576994722,NONE,RANGE
2026-09-16 13:30:00-04:00,157604.65576994722,NONE,RANGE
2026-09-16 14:30:00-04:00,157604.65576994722,NONE,RANGE
2026-09-16 15:30:00-04:00,157604.65576994722,NONE,RANGE
2026-09-17 09:30:00-04:00,157604.65576994722,NONE,RANGE
2026-09-17 10:30:00-04:00,157604.65576994722,NONE,RANGE
2026-09-17 11:30:00-04:00,157604.65576994722,NONE,RANGE
2026-09-17 12:30:00-04:00,157604.65576994722,NONE,RANGE
2026-09-17 13:30:00-04:00,157604.65576994722,NONE,RANGE
2026-09-17 14:30:00-04:00,157604.65576994722,NONE,RANGE
2026-09-17 15:30:00-04:00,157604.65576994722,NONE,RANGE
2026-09-18 09:30:00-04:00,157604.65576994722,NONE,RANGE
2026-09-18 10:30:00-04:00,157604.65576994722,NONE,RANGE
2026-09-18 11:30:00-04:00,157604.65576994722,NONE,RANGE
2026-09-18 12:30:00-04:00,157604.65576994722,NONE,RANGE
2026-09-18 13:30:00-04:00,157604.65576994722,NONE,RANGE
2026-09-18 14:30:00-04:00,157604.65576994722,NONE,RANGE
2026-09-18 15:30:00-04:00,157604.65576994722,NONE,RANGE
