trend_position,trend_trailing_stop,trend_entry_max_extension,return_pct,cagr_pct,max_drawdown_pct,sharpe,sortino,calmar,profit_factor,win_rate_pct,trades,worst_trade_pct,contribution_by_mode,config
0.55,0.06,0.06,49.5377,50.2125,14.7441,1.8228,1.1112,3.4056,2.8136,64.29,14,-12.3128,"{'RANGE': 4448.46, 'TREND': 45089.26}","{'trend_position': 0.55, 'range_position': 0.35, 'panic_position': 0.0, 'trend_hard_stop': 0.1, 'trend_trailing_stop': 0.06, 'trend_cooldown_days': 5, 'trend_entry_max_rsi': 80.0, 'trend_entry_max_extension': 0.06, 'range_rsi': 35.0, 'range_boll_std': 1.75, 'range_take_profit': 0.03, 'range_stop_loss': 0.02, 'panic_rsi': 25.0, 'panic_boll_std': 2.0, 'panic_day_drop': 0.06, 'panic_take_profit': 0.015, 'panic_stop_loss': 0.03}"
0.55,0.06,0.08,49.5377,50.2125,14.7441,1.8228,1.1112,3.4056,2.8136,64.29,14,-12.3128,"{'RANGE': 4448.46, 'TREND': 45089.26}","{'trend_position': 0.55, 'range_position': 0.35, 'panic_position': 0.0, 'trend_hard_stop': 0.1, 'trend_trailing_stop': 0.06, 'trend_cooldown_days': 5, 'trend_entry_max_rsi': 80.0, 'trend_entry_max_extension': 0.08, 'range_rsi': 35.0, 'range_boll_std': 1.75, 'range_take_profit': 0.03, 'range_stop_loss': 0.02, 'panic_rsi': 25.0, 'panic_boll_std': 2.0, 'panic_day_drop': 0.06, 'panic_take_profit': 0.015, 'panic_stop_loss': 0.03}"
0.55,0.06,0.1,23.3248,23.6144,16.4778,0.94,0.6025,1.4331,1.5817,57.89,19,-15.7619,"{'RANGE': 3690.77, 'TREND': 19634.04}","{'trend_position': 0.55, 'range_position': 0.35, 'panic_position': 0.0, 'trend_hard_stop': 0.1, 'trend_trailing_stop': 0.06, 'trend_cooldown_days': 5, 'trend_entry_max_rsi': 80.0, 'trend_entry_max_extension': 0.1, 'range_rsi': 35.0, 'range_boll_std': 1.75, 'range_take_profit': 0.03, 'range_stop_loss': 0.02, 'panic_rsi': 25.0, 'panic_boll_std': 2.0, 'panic_day_drop': 0.06, 'panic_take_profit': 0.015, 'panic_stop_loss': 0.03}"
0.55,0.08,0.06,48.8123,49.4757,14.4398,1.7672,1.1098,3.4263,3.0019,64.29,14,-12.3128,"{'RANGE': 4357.07, 'TREND': 44455.24}","{'trend_position': 0.55, 'range_position': 0.35, 'panic_position': 0.0, 'trend_hard_stop': 0.1, 'trend_trailing_stop': 0.08, 'trend_cooldown_days': 5, 'trend_entry_max_rsi': 80.0, 'trend_entry_max_extension': 0.06, 'range_rsi': 35.0, 'range_boll_std': 1.75, 'range_take_profit': 0.03, 'range_stop_loss': 0.02, 'panic_rsi': 25.0, 'panic_boll_std': 2.0, 'panic_day_drop': 0.06, 'panic_take_profit': 0.015, 'panic_stop_loss': 0.03}"
0.55,0.08,0.08,48.8123,49.4757,14.4398,1.7672,1.1098,3.4263,3.0019,64.29,14,-12.3128,"{'RANGE': 4357.07, 'TREND': 44455.24}","{'trend_position': 0.55, 'range_position': 0.35, 'panic_position': 0.0, 'trend_hard_stop': 0.1, 'trend_trailing_stop': 0.08, 'trend_cooldown_days': 5, 'trend_entry_max_rsi': 80.0, 'trend_entry_max_extension': 0.08, 'range_rsi': 35.0, 'range_boll_std': 1.75, 'range_take_profit': 0.03, 'range_stop_loss': 0.02, 'panic_rsi': 25.0, 'panic_boll_std': 2.0, 'panic_day_drop': 0.06, 'panic_take_profit': 0.015, 'panic_stop_loss': 0.03}"
0.55,0.08,0.1,34.1611,34.603,15.545,1.2042,0.8069,2.226,1.7746,57.89,19,-15.7619,"{'RANGE': 3909.06, 'TREND': 30252.03}","{'trend_position': 0.55, 'range_position': 0.35, 'panic_position': 0.0, 'trend_hard_stop': 0.1, 'trend_trailing_stop': 0.08, 'trend_cooldown_days': 5, 'trend_entry_max_rsi': 80.0, 'trend_entry_max_extension': 0.1, 'range_rsi': 35.0, 'range_boll_std': 1.75, 'range_take_profit': 0.03, 'range_stop_loss': 0.02, 'panic_rsi': 25.0, 'panic_boll_std': 2.0, 'panic_day_drop': 0.06, 'panic_take_profit': 0.015, 'panic_stop_loss': 0.03}"
0.55,0.1,0.06,23.4063,23.6971,30.2873,0.8654,0.431,0.7824,1.7303,53.33,15,-16.8288,"{'RANGE': 4082.06, 'TREND': 19324.27}","{'trend_position': 0.55, 'range_position': 0.35, 'panic_position': 0.0, 'trend_hard_stop': 0.1, 'trend_trailing_stop': 0.1, 'trend_cooldown_days': 5, 'trend_entry_max_rsi': 80.0, 'trend_entry_max_extension': 0.06, 'range_rsi': 35.0, 'range_boll_std': 1.75, 'range_take_profit': 0.03, 'range_stop_loss': 0.02, 'panic_rsi': 25.0, 'panic_boll_std': 2.0, 'panic_day_drop': 0.06, 'panic_take_profit': 0.015, 'panic_stop_loss': 0.03}"
0.55,0.1,0.08,23.4063,23.6971,30.2873,0.8654,0.431,0.7824,1.7303,53.33,15,-16.8288,"{'RANGE': 4082.06, 'TREND': 19324.27}","{'trend_position': 0.55, 'range_position': 0.35, 'panic_position': 0.0, 'trend_hard_stop': 0.1, 'trend_trailing_stop': 0.1, 'trend_cooldown_days': 5, 'trend_entry_max_rsi': 80.0, 'trend_entry_max_extension': 0.08, 'range_rsi': 35.0, 'range_boll_std': 1.75, 'range_take_profit': 0.03, 'range_stop_loss': 0.02, 'panic_rsi': 25.0, 'panic_boll_std': 2.0, 'panic_day_drop': 0.06, 'panic_take_profit': 0.015, 'panic_stop_loss': 0.03}"
0.55,0.1,0.1,13.8035,13.9682,30.2944,0.5638,0.3234,0.4611,1.2678,50.0,20,-16.8288,"{'RANGE': 3746.91, 'TREND': 10056.57}","{'trend_position': 0.55, 'range_position': 0.35, 'panic_position': 0.0, 'trend_hard_stop': 0.1, 'trend_trailing_stop': 0.1, 'trend_cooldown_days': 5, 'trend_entry_max_rsi': 80.0, 'trend_entry_max_extension': 0.1, 'range_rsi': 35.0, 'range_boll_std': 1.75, 'range_take_profit': 0.03, 'range_stop_loss': 0.02, 'panic_rsi': 25.0, 'panic_boll_std': 2.0, 'panic_day_drop': 0.06, 'panic_take_profit': 0.015, 'panic_stop_loss': 0.03}"
0.65,0.06,0.06,58.4354,59.2533,17.3417,1.8082,1.1038,3.4168,2.6888,64.29,14,-12.3128,"{'RANGE': 4610.91, 'TREND': 53824.52}","{'trend_position': 0.65, 'range_position': 0.35, 'panic_position': 0.0, 'trend_hard_stop': 0.1, 'trend_trailing_stop': 0.06, 'trend_cooldown_days': 5, 'trend_entry_max_rsi': 80.0, 'trend_entry_max_extension': 0.06, 'range_rsi': 35.0, 'range_boll_std': 1.75, 'range_take_profit': 0.03, 'range_stop_loss': 0.02, 'panic_rsi': 25.0, 'panic_boll_std': 2.0, 'panic_day_drop': 0.06, 'panic_take_profit': 0.015, 'panic_stop_loss': 0.03}"
0.65,0.06,0.08,58.4354,59.2533,17.3417,1.8082,1.1038,3.4168,2.6888,64.29,14,-12.3128,"{'RANGE': 4610.91, 'TREND': 53824.52}","{'trend_position': 0.65, 'range_position': 0.35, 'panic_position': 0.0, 'trend_hard_stop': 0.1, 'trend_trailing_stop': 0.06, 'trend_cooldown_days': 5, 'trend_entry_max_rsi': 80.0, 'trend_entry_max_extension': 0.08, 'range_rsi': 35.0, 'range_boll_std': 1.75, 'range_take_profit': 0.03, 'range_stop_loss': 0.02, 'panic_rsi': 25.0, 'panic_boll_std': 2.0, 'panic_day_drop': 0.06, 'panic_take_profit': 0.015, 'panic_stop_loss': 0.03}"
0.65,0.06,0.1,26.0205,26.347,19.3496,0.9156,0.5859,1.3616,1.5367,57.89,19,-15.7619,"{'RANGE': 3696.09, 'TREND': 22324.38}","{'trend_position': 0.65, 'range_position': 0.35, 'panic_position': 0.0, 'trend_hard_stop': 0.1, 'trend_trailing_stop': 0.06, 'trend_cooldown_days': 5, 'trend_entry_max_rsi': 80.0, 'trend_entry_max_extension': 0.1, 'range_rsi': 35.0, 'range_boll_std': 1.75, 'range_take_profit': 0.03, 'range_stop_loss': 0.02, 'panic_rsi': 25.0, 'panic_boll_std': 2.0, 'panic_day_drop': 0.06, 'panic_take_profit': 0.015, 'panic_stop_loss': 0.03}"
0.65,0.08,0.06,57.6047,58.4089,16.9926,1.7553,1.1042,3.4373,2.8596,64.29,14,-12.3128,"{'RANGE': 4504.46, 'TREND': 53100.2}","{'trend_position': 0.65, 'range_position': 0.35, 'panic_position': 0.0, 'trend_hard_stop': 0.1, 'trend_trailing_stop': 0.08, 'trend_cooldown_days': 5, 'trend_entry_max_rsi': 80.0, 'trend_entry_max_extension': 0.06, 'range_rsi': 35.0, 'range_boll_std': 1.75, 'range_take_profit': 0.03, 'range_stop_loss': 0.02, 'panic_rsi': 25.0, 'panic_boll_std': 2.0, 'panic_day_drop': 0.06, 'panic_take_profit': 0.015, 'panic_stop_loss': 0.03}"
0.65,0.08,0.08,57.6047,58.4089,16.9926,1.7553,1.1042,3.4373,2.8596,64.29,14,-12.3128,"{'RANGE': 4504.46, 'TREND': 53100.2}","{'trend_position': 0.65, 'range_position': 0.35, 'panic_position': 0.0, 'trend_hard_stop': 0.1, 'trend_trailing_stop': 0.08, 'trend_cooldown_days': 5, 'trend_entry_max_rsi': 80.0, 'trend_entry_max_extension': 0.08, 'range_rsi': 35.0, 'range_boll_std': 1.75, 'range_take_profit': 0.03, 'range_stop_loss': 0.02, 'panic_rsi': 25.0, 'panic_boll_std': 2.0, 'panic_day_drop': 0.06, 'panic_take_profit': 0.015, 'panic_stop_loss': 0.03}"
0.65,0.08,0.1,38.997,39.5101,18.3716,1.1818,0.7903,2.1506,1.7236,57.89,19,-15.7619,"{'RANGE': 3952.11, 'TREND': 35044.87}","{'trend_position': 0.65, 'range_position': 0.35, 'panic_position': 0.0, 'trend_hard_stop': 0.1, 'trend_trailing_stop': 0.08, 'trend_cooldown_days': 5, 'trend_entry_max_rsi': 80.0, 'trend_entry_max_extension': 0.1, 'range_rsi': 35.0, 'range_boll_std': 1.75, 'range_take_profit': 0.03, 'range_stop_loss': 0.02, 'panic_rsi': 25.0, 'panic_boll_std': 2.0, 'panic_day_drop': 0.06, 'panic_take_profit': 0.015, 'panic_stop_loss': 0.03}"
0.65,0.1,0.06,26.2888,26.6191,34.8561,0.8549,0.4261,0.7637,1.6598,53.33,15,-16.8288,"{'RANGE': 4163.84, 'TREND': 22124.96}","{'trend_position': 0.65, 'range_position': 0.35, 'panic_position': 0.0, 'trend_hard_stop': 0.1, 'trend_trailing_stop': 0.1, 'trend_cooldown_days': 5, 'trend_entry_max_rsi': 80.0, 'trend_entry_max_extension': 0.06, 'range_rsi': 35.0, 'range_boll_std': 1.75, 'range_take_profit': 0.03, 'range_stop_loss': 0.02, 'panic_rsi': 25.0, 'panic_boll_std': 2.0, 'panic_day_drop': 0.06, 'panic_take_profit': 0.015, 'panic_stop_loss': 0.03}"
0.65,0.1,0.08,26.2888,26.6191,34.8561,0.8549,0.4261,0.7637,1.6598,53.33,15,-16.8288,"{'RANGE': 4163.84, 'TREND': 22124.96}","{'trend_position': 0.65, 'range_position': 0.35, 'panic_position': 0.0, 'trend_hard_stop': 0.1, 'trend_trailing_stop': 0.1, 'trend_cooldown_days': 5, 'trend_entry_max_rsi': 80.0, 'trend_entry_max_extension': 0.08, 'range_rsi': 35.0, 'range_boll_std': 1.75, 'range_take_profit': 0.03, 'range_stop_loss': 0.02, 'panic_rsi': 25.0, 'panic_boll_std': 2.0, 'panic_day_drop': 0.06, 'panic_take_profit': 0.015, 'panic_stop_loss': 0.03}"
0.65,0.1,0.1,14.4576,14.6307,34.8584,0.5486,0.315,0.4197,1.2313,50.0,20,-16.8288,"{'RANGE': 3754.88, 'TREND': 10702.71}","{'trend_position': 0.65, 'range_position': 0.35, 'panic_position': 0.0, 'trend_hard_stop': 0.1, 'trend_trailing_stop': 0.1, 'trend_cooldown_days': 5, 'trend_entry_max_rsi': 80.0, 'trend_entry_max_extension': 0.1, 'range_rsi': 35.0, 'range_boll_std': 1.75, 'range_take_profit': 0.03, 'range_stop_loss': 0.02, 'panic_rsi': 25.0, 'panic_boll_std': 2.0, 'panic_day_drop': 0.06, 'panic_take_profit': 0.015, 'panic_stop_loss': 0.03}"
0.75,0.06,0.06,67.3575,68.3246,19.8948,1.7958,1.0971,3.4343,2.5765,64.29,14,-12.3128,"{'RANGE': 4775.06, 'TREND': 62582.47}","{'trend_position': 0.75, 'range_position': 0.35, 'panic_position': 0.0, 'trend_hard_stop': 0.1, 'trend_trailing_stop': 0.06, 'trend_cooldown_days': 5, 'trend_entry_max_rsi': 80.0, 'trend_entry_max_extension': 0.06, 'range_rsi': 35.0, 'range_boll_std': 1.75, 'range_take_profit': 0.03, 'range_stop_loss': 0.02, 'panic_rsi': 25.0, 'panic_boll_std': 2.0, 'panic_day_drop': 0.06, 'panic_take_profit': 0.015, 'panic_stop_loss': 0.03}"
0.75,0.06,0.08,67.3575,68.3246,19.8948,1.7958,1.0971,3.4343,2.5765,64.29,14,-12.3128,"{'RANGE': 4775.06, 'TREND': 62582.47}","{'trend_position': 0.75, 'range_position': 0.35, 'panic_position': 0.0, 'trend_hard_stop': 0.1, 'trend_trailing_stop': 0.06, 'trend_cooldown_days': 5, 'trend_entry_max_rsi': 80.0, 'trend_entry_max_extension': 0.08, 'range_rsi': 35.0, 'range_boll_std': 1.75, 'range_take_profit': 0.03, 'range_stop_loss': 0.02, 'panic_rsi': 25.0, 'panic_boll_std': 2.0, 'panic_day_drop': 0.06, 'panic_take_profit': 0.015, 'panic_stop_loss': 0.03}"
0.75,0.06,0.1,28.4733,28.834,22.147,0.8964,0.573,1.3019,1.498,57.89,19,-15.7619,"{'RANGE': 3699.09, 'TREND': 24774.22}","{'trend_position': 0.75, 'range_position': 0.35, 'panic_position': 0.0, 'trend_hard_stop': 0.1, 'trend_trailing_stop': 0.06, 'trend_cooldown_days': 5, 'trend_entry_max_rsi': 80.0, 'trend_entry_max_extension': 0.1, 'range_rsi': 35.0, 'range_boll_std': 1.75, 'range_take_profit': 0.03, 'range_stop_loss': 0.02, 'panic_rsi': 25.0, 'panic_boll_std': 2.0, 'panic_day_drop': 0.06, 'panic_take_profit': 0.015, 'panic_stop_loss': 0.03}"
0.75,0.08,0.06,66.5092,67.4619,19.4959,1.7467,1.1004,3.4603,2.7341,64.29,14,-12.3128,"{'RANGE': 4651.96, 'TREND': 61857.21}","{'trend_position': 0.75, 'range_position': 0.35, 'panic_position': 0.0, 'trend_hard_stop': 0.1, 'trend_trailing_stop': 0.08, 'trend_cooldown_days': 5, 'trend_entry_max_rsi': 80.0, 'trend_entry_max_extension': 0.06, 'range_rsi': 35.0, 'range_boll_std': 1.75, 'range_take_profit': 0.03, 'range_stop_loss': 0.02, 'panic_rsi': 25.0, 'panic_boll_std': 2.0, 'panic_day_drop': 0.06, 'panic_take_profit': 0.015, 'panic_stop_loss': 0.03}"
0.75,0.08,0.08,66.5092,67.4619,19.4959,1.7467,1.1004,3.4603,2.7341,64.29,14,-12.3128,"{'RANGE': 4651.96, 'TREND': 61857.21}","{'trend_position': 0.75, 'range_position': 0.35, 'panic_position': 0.0, 'trend_hard_stop': 0.1, 'trend_trailing_stop': 0.08, 'trend_cooldown_days': 5, 'trend_entry_max_rsi': 80.0, 'trend_entry_max_extension': 0.08, 'range_rsi': 35.0, 'range_boll_std': 1.75, 'range_take_profit': 0.03, 'range_stop_loss': 0.02, 'panic_rsi': 25.0, 'panic_boll_std': 2.0, 'panic_day_drop': 0.06, 'panic_take_profit': 0.015, 'panic_stop_loss': 0.03}"
0.75,0.08,0.1,43.6863,44.2702,21.1219,1.1654,0.7783,2.0959,1.6802,57.89,19,-15.7619,"{'RANGE': 3995.79, 'TREND': 39690.52}","{'trend_position': 0.75, 'range_position': 0.35, 'panic_position': 0.0, 'trend_hard_stop': 0.1, 'trend_trailing_stop': 0.08, 'trend_cooldown_days': 5, 'trend_entry_max_rsi': 80.0, 'trend_entry_max_extension': 0.1, 'range_rsi': 35.0, 'range_boll_std': 1.75, 'range_take_profit': 0.03, 'range_stop_loss': 0.02, 'panic_rsi': 25.0, 'panic_boll_std': 2.0, 'panic_day_drop': 0.06, 'panic_take_profit': 0.015, 'panic_stop_loss': 0.03}"
0.75,0.1,0.06,28.9456,29.3129,39.1399,0.8486,0.4236,0.7489,1.5997,53.33,15,-16.8288,"{'RANGE': 4247.22, 'TREND': 24698.38}","{'trend_position': 0.75, 'range_position': 0.35, 'panic_position': 0.0, 'trend_hard_stop': 0.1, 'trend_trailing_stop': 0.1, 'trend_cooldown_days': 5, 'trend_entry_max_rsi': 80.0, 'trend_entry_max_extension': 0.06, 'range_rsi': 35.0, 'range_boll_std': 1.75, 'range_take_profit': 0.03, 'range_stop_loss': 0.02, 'panic_rsi': 25.0, 'panic_boll_std': 2.0, 'panic_day_drop': 0.06, 'panic_take_profit': 0.015, 'panic_stop_loss': 0.03}"
0.75,0.1,0.08,28.9456,29.3129,39.1399,0.8486,0.4236,0.7489,1.5997,53.33,15,-16.8288,"{'RANGE': 4247.22, 'TREND': 24698.38}","{'trend_position': 0.75, 'range_position': 0.35, 'panic_position': 0.0, 'trend_hard_stop': 0.1, 'trend_trailing_stop': 0.1, 'trend_cooldown_days': 5, 'trend_entry_max_rsi': 80.0, 'trend_entry_max_extension': 0.08, 'range_rsi': 35.0, 'range_boll_std': 1.75, 'range_take_profit': 0.03, 'range_stop_loss': 0.02, 'panic_rsi': 25.0, 'panic_boll_std': 2.0, 'panic_day_drop': 0.06, 'panic_take_profit': 0.015, 'panic_stop_loss': 0.03}"
0.75,0.1,0.1,14.7753,14.9524,39.1234,0.5377,0.3092,0.3822,1.2,50.0,20,-16.8288,"{'RANGE': 3761.16, 'TREND': 11014.13}","{'trend_position': 0.75, 'range_position': 0.35, 'panic_position': 0.0, 'trend_hard_stop': 0.1, 'trend_trailing_stop': 0.1, 'trend_cooldown_days': 5, 'trend_entry_max_rsi': 80.0, 'trend_entry_max_extension': 0.1, 'range_rsi': 35.0, 'range_boll_std': 1.75, 'range_take_profit': 0.03, 'range_stop_loss': 0.02, 'panic_rsi': 25.0, 'panic_boll_std': 2.0, 'panic_day_drop': 0.06, 'panic_take_profit': 0.015, 'panic_stop_loss': 0.03}"
