Date,open,high,low,close,volume
2024-01-02,400.04428571584305,400.2907155215089,394.5242520525762,396.8406982421875,58026900
2024-01-03,394.2186667232616,395.2733934715993,392.20782124327246,392.6415100097656,47002800
2024-01-04,390.77850725005516,393.8835165960706,390.40392915516384,390.62078857421875,39432800
2024-01-05,390.7883722130456,393.85394435511137,389.6942083051742,391.0840759277344,44922800
2024-01-08,392.30636506653144,399.4528290895522,392.1585132065455,399.1669921875,42473800
2024-01-09,396.17034782101564,400.8820836865656,395.9731919779015,399.95550537109375,39132900
2024-01-10,400.2709695281349,403.6716824367077,399.383828338149,402.666259765625,33962800
2024-01-11,403.9378692342606,405.3277368811252,398.46710976275995,403.504150390625,54536200
2024-01-12,404.5391210569186,405.3769883257372,402.3212530356836,403.71112060546875,39595000
2024-01-16,402.47898015651396,405.24884853688053,401.0201049980327,403.67169189453125,43903000
2024-01-17,400.369527148298,401.7692313792926,397.1659401767958,401.3946533203125,54386000
2024-01-18,404.65743545684825,407.6737338045604,403.3168717830929,407.0921630859375,59562500
2024-01-19,409.29028375063245,415.32287979779335,408.7087130945052,415.1651611328125,70325100
2024-01-22,417.3633986105097,418.66455526307277,415.106093065319,415.7073974609375,44880600
2024-01-23,416.3973802911293,417.64926300518874,414.56395690453536,417.4324035644531,33003800
2024-01-24,421.3358334298966,423.7114204029084,419.2559501955319,419.7488098144531,46948000
2024-01-25,422.2426275133017,422.9129393765781,417.92520303935225,420.2613525390625,44367200
2024-01-26,418.37866783333135,420.12338002200374,417.1070816175798,417.7576599121094,37137000
2024-01-29,418.2110796891318,422.2328309241424,417.5605013987106,422.0356750488281,38694700
2024-01-30,421.0006307764197,421.57233461457537,418.31947363929925,419.226318359375,36739000
2024-01-31,414.8399765856304,416.83111875738257,410.83795860364546,411.015380859375,64010600
2024-02-01,412.8092952759708,416.34802310626714,411.84327976372293,415.85516357421875,51008600
2024-02-02,417.74774363318977,424.0957770602316,416.7521877951985,422.88336181640625,59602400
2024-02-05,422.9424703296439,423.47473694560415,418.9305866682812,422.3313293457031,39889200
2024-02-06,423.4748150690589,424.0761194292499,419.14752338273905,421.4836730957031,35846100
2024-02-07,424.26337777924766,426.64880124732525,422.96222129751766,425.82080078125,37712700
2024-02-08,425.939093623751,427.3683984446145,425.2589750756409,426.6094055175781,29889900
2024-02-09,427.7429909674589,431.5971566394753,426.95442764216807,430.8085632324219,36943900
2024-02-12,430.7001731799207,432.8687675710771,428.4428676657303,429.1230163574219,33203300
2024-02-13,421.17807914380745,425.11108894421386,419.2559147597717,422.429931640625,64491700
2024-02-14,425.1012326116575,427.45708563986375,422.7552163189453,427.0332336425781,45092700
2024-02-15,427.723238919538,428.7680987438799,425.1702000155277,428.3048095703125,38796100
2024-02-16,428.67948776030613,428.7780356264899,423.71145398493593,424.4211730957031,53716500
2024-02-20,422.42991403651456,423.9380630768234,417.45204454629345,421.2174987792969,53999500
2024-02-21,418.4870919149259,419.62069310797756,415.60880857574824,419.5319519042969,49779000
2024-02-22,428.2851039577148,432.84898843636626,427.516244223805,431.8139953613281,53887800
2024-02-23,433.3714286486903,434.29800707839775,429.566567077912,430.54241943359375,39853900
2024-02-26,431.35066637188095,432.3363854311943,430.12835428273667,430.3156433105469,33043200
2024-02-27,431.4197155682474,431.73512283553583,428.81740256122896,431.3507080078125,33713200
2024-02-28,429.2116432200107,430.4339553104161,428.0977758687561,429.0539245605469,32938800
2024-02-29,431.97168949991254,433.8051125759615,428.80750954852294,432.7306823730469,42495200
2024-03-01,433.61785930360793,440.202456176591,433.5587185596165,439.2463073730469,43853000
2024-03-04,439.24633661449366,439.67021875033345,437.43261682056914,437.6790466308594,34325700
2024-03-05,434.64302678995017,434.6528936081218,427.4571253935113,429.8228454589844,57917100
2024-03-06,434.03189187112264,435.67802611401623,430.6508821840537,432.52374267578125,46234500
2024-03-07,436.10186480922084,440.34044497796555,434.56411531208056,439.0885925292969,44526700
2024-03-08,439.44343796840656,442.2330399205405,432.08011494731943,432.7503967285156,72096000
2024-03-11,431.26198875861274,432.3955597485058,429.2215429277489,431.1437072753906,45860000
2024-03-12,433.45034920475655,437.67906325104593,430.2270279114306,437.32421875,55300900
2024-03-13,436.32858007461937,436.348313710143,432.84899264375196,433.9628601074219,37928700
2024-03-14,435.19505745065584,435.7174874601799,430.15804642314674,432.8687744140625,52195200
2024-03-15,429.84258742549446,432.60258920840687,426.56012557756156,427.7232971191406,73069800
2024-03-18,433.0364516339832,435.3164715118296,431.5657674247215,431.80267333984375,47323800
2024-03-19,429.7990038245889,433.28319240263966,427.7064906075456,432.8785095214844,43004100
2024-03-20,434.07283647747477,438.34663146258043,432.3751562494342,438.01104736328125,43653500
2024-03-21,443.0546570297953,443.5086789379876,439.8863232930999,440.0837097167969,39345700
2024-03-22,439.57049567083743,441.68270825024166,438.72164062042333,440.5871276855469,28253900
2024-03-25,437.7939010752315,440.4687542463752,436.79702864331557,438.98822021484375,27789200
2024-03-26,440.5081720687791,441.42612597443406,437.3398379730838,437.5668640136719,34142000
2024-03-27,440.6463730296431,440.74508131419196,436.1948914538814,439.0572509765625,41359200
2024-03-28,439.0078908107103,439.8567458712152,437.8925505041075,438.2478942871094,36839600
2024-04-01,439.19544982319275,441.7222252826808,437.2707436945137,439.17572021484375,38729000
2024-04-02,434.36892692844134,435.70141356819596,432.3455424869359,435.38555908203125,44259700
2024-04-03,433.2634359657518,438.23803834860485,433.25358622230976,436.3627014160156,39949800
2024-04-04,440.53783007961795,441.1498094579947,429.46343413947665,429.6904602050781,57267700
2024-04-05,431.1116991543282,437.4187875750618,430.3023334511116,434.7538146972656,54744600
2024-04-08,435.6816881156105,436.75753923042924,433.50037641020896,434.8822021484375,28144900
2024-04-09,437.21150450507577,437.48786961686346,431.7631508206015,436.4909973144531,39443600
2024-04-10,431.32884474706685,433.5397655709517,430.61818732202715,432.6810607910156,61502200
2024-04-11,434.54653939889255,440.5377431354332,432.2763695555441,439.5902099609375,45474600
2024-04-12,435.3756576589064,436.5008477151884,431.2104212468401,432.5823669433594,53665000
2024-04-15,436.3232218411674,436.41205026337076,424.6269976397498,425.4659729003906,63453600
2024-04-16,425.30804607148355,428.13094646198545,424.12363698609965,425.5054626464844,47619000
2024-04-17,427.4795147646805,427.4992443738808,419.38591700451707,420.313720703125,56880500
2024-04-18,420.9552076337074,422.682496972794,417.3427017442334,417.9151916503906,46549400
2024-04-19,416.7406271666546,417.2637478692342,407.7093776191024,409.26885986328125,75231000
2024-04-22,411.8944128444313,415.71418561726296,408.5681513884315,413.38482666015625,47807700
2024-04-23,415.30949561248633,420.7479998697546,413.43415866494064,419.5537109375,44384700
2024-04-24,422.64307665706934,424.1532199847882,418.69498637581336,420.9750061035156,48440300
2024-04-25,413.799362808419,419.8004773400626,412.7136619994115,418.9417724609375,57392200
2024-04-26,422.0705668137359,426.93658062696824,421.3796691199886,425.4067077636719,41874900
2024-04-29,427.5090760688762,428.1309050863392,424.39996110309824,427.1340026855469,30022200
2024-04-30,425.55479143619027,426.9464969281247,419.0009769819428,419.0799255371094,43665900
2024-05-01,417.6585952639436,424.5579035239852,415.200918698871,416.04974365234375,52251700
2024-05-02,419.7807126012592,422.2581490421064,415.17133378600425,421.3599548339844,36559000
2024-05-03,428.8020708971148,430.8156052949475,427.00568266102414,429.8285827636719,48515300
2024-05-06,431.62495352769525,434.6255105447398,430.8550771355993,434.53668212890625,30227200
2024-05-07,434.9808778559684,436.23438573146836,433.87538722665875,434.6058044433594,30996100
2024-05-08,431.99021367392504,435.75076753628326,431.8717456546,434.34918212890625,24896700
2024-05-09,434.61564389755716,435.86918186492,432.7699164732943,435.29669189453125,24580100
2024-05-10,436.7970239162178,438.5440432107632,434.78348922109416,436.3232421875,27116600
2024-05-13,438.2281196461856,438.32682792263495,435.91849056064825,437.3299255371094,22994200
2024-05-14,436.9055116809251,440.6759449298251,436.71797499273384,440.1429443359375,34478300
2024-05-15,442.6104693874867,447.26921654964497,441.100326246021,447.0224609375,41464700
2024-05-16,446.8350091997646,448.7893248631938,445.9466948514933,446.114501953125,34780400
2024-05-17,446.2428032207517,446.8449027104207,443.7061778606286,445.8973693847656,35803700
2024-05-20,446.1144399981396,449.6676968977595,445.92690331358295,449.00640869140625,24474200
2024-05-21,447.1607258100495,450.0724243984787,446.96330924202005,449.8848876953125,23167700
2024-05-22,450.1414844113186,450.89163115932746,447.2001464818163,449.7960205078125,25120000
2024-05-23,454.5732445844639,454.6028540574853,445.9861660713321,447.7726745605469,40899200
2024-05-24,449.38147458920713,453.2703455808259,447.6837947140764,452.0069580078125,29669500
2024-05-28,453.2210272774434,453.77375752010863,450.76335065839464,453.71453857421875,26216800
2024-05-29,449.5690378395479,452.2931995701903,449.4308402254634,450.5165710449219,29739200
2024-05-30,449.58878418992737,449.72698180915853,444.36742631931105,445.6900329589844,30536800
2024-05-31,445.91705276915746,446.6079806125884,437.310214806021,444.8609313964844,55941300
2024-06-03,448.67085714771804,449.66772946137996,442.08740334832584,447.2495422363281,32997500
2024-06-04,446.9929462378451,449.6677692065677,445.27553645209167,448.4734802246094,23767400
2024-06-05,452.0366239870845,457.5935359573547,448.51294605412517,457.51458740234375,33817400
2024-06-06,458.1955730256578,458.51142744577595,456.1919186129322,457.3565979003906,21966800
2024-06-07,456.99145466927325,459.6958869003459,455.8465048615647,456.95196533203125,25829700
2024-06-10,455.8267511302652,459.1530122303262,455.5405061631022,458.79766845703125,20660800
2024-06-11,457.5244472583221,462.06475707214463,456.0340335493935,461.9462890625,22053300
2024-06-12,465.8647623031118,470.3162436288159,465.1738645931589,467.9967346191406,34532600
2024-06-13,471.52037818836476,472.18169650040807,468.26321606791436,470.5333557128906,25859000
2024-06-14,470.3359501520324,473.0404122806278,469.87204837286555,472.9713134765625,23372600
2024-06-17,473.23780463350295,480.54176518972315,471.93495781150637,478.76513671875,37054500
2024-06-18,478.7158215686924,479.5942559840838,477.1563090554916,478.9132080078125,24438600
2024-06-20,480.10745265265865,480.5219851957008,473.395682209535,475.2216796875,33918700
2024-06-21,474.94535817231343,476.2778445687803,472.45807232136843,473.9484558105469,37456800
2024-06-24,472.7246217485548,474.4546566741709,468.4143777866246,468.5527648925781,37751000
2024-06-25,470.63868428284394,474.20748452230674,469.699510446452,473.9109191894531,29014700
2024-06-26,473.0904048395707,475.4333918119505,472.6752133443042,474.8896484375,22737100
2024-06-27,474.64251744151903,477.5885307943037,473.8318652198954,476.1155090332031,26222100
2024-06-28,476.9063514538497,481.6417124149617,473.0014035971446,473.64398193359375,34881600
2024-07-01,474.5634403475883,476.9854712588444,470.8265659344529,476.4219970703125,24898300
2024-07-02,474.9291724653536,481.48353792076165,474.80065076318266,481.4242248535156,26723600
2024-07-03,480.67290947959197,485.56644895460255,480.67290947959197,485.43792724609375,18064900
2024-07-05,486.2782373097051,490.93449434748237,485.9816417886156,490.49951171875,28495900
2024-07-08,490.86525904955414,492.219624364335,489.8470111715543,491.666015625,22109400
2024-07-09,493.17858205149344,494.295695149638,490.5785818678999,492.09112548828125,25614500
2024-07-10,494.00894112617357,497.7754714973867,492.70402356256653,497.22186279296875,28046900
2024-07-11,497.33070265719795,497.53829841203435,485.1314879153913,486.3177795410156,49966600
2024-07-12,486.89116096285716,493.9200313484531,486.42652179722677,489.1748046875,37109400
2024-07-15,490.9443370805706,495.2941631670739,488.4530977332755,490.4895935058594,31151400
2024-07-16,491.94285552229314,492.75350772394023,487.5238506867198,490.6774597167969,25950600
2024-07-17,482.7093905643281,483.22344721321235,476.2044726562418,476.2736511230469,56268800
2024-07-18,479.99081528245364,480.1687545064157,470.83644861489324,474.01971435546875,49347400
2024-07-19,473.6835723378071,476.19460298928004,468.53301949271196,469.81817626953125,42042900
2024-07-22,475.6706132366567,477.8356306869123,472.2599610425792,476.8173828125,40300000
2024-07-23,475.917744847748,478.90327973468084,474.6622447485179,475.1367492675781,23282500
2024-07-24,468.4144341018718,468.78020813158525,457.23346659477966,458.0935363769531,58818600
2024-07-25,458.4296138638704,462.6014708573565,450.43191290730925,453.0417785644531,59256800
2024-07-26,457.3718148913392,460.61439354543955,454.52466677175534,457.68817138671875,39992100
2024-07-29,460.39686132723483,462.57177432799335,456.3535263948634,458.6075134277344,28218500
2024-07-30,460.5352986729321,461.23719010265324,448.9687675027151,452.3102111816406,41317200
2024-07-31,462.53226563286034,467.3961487230852,461.08893059840756,465.6957702636719,44552100
2024-08-01,466.3778233392399,470.12456249963265,450.7778544342016,454.4158630371094,56653900
2024-08-02,445.74597107733194,448.3953886712826,439.3992012960001,443.63037109375,66323200
2024-08-05,419.8646573999045,437.2441116181188,418.61905271445846,430.4030456542969,87483500
2024-08-06,432.2418462378431,441.9695823885907,429.60229381809893,434.5155944824219,63164400
2024-08-07,441.3961679939365,443.8775420816124,429.4144449590627,429.80987548828125,54929200
2024-08-08,436.0281249608099,443.8676476028843,432.16272892667297,442.9581604003906,47890100
2024-08-09,441.64327989418985,446.9025929959707,440.52616686725906,445.27142333984375,33574000
2024-08-12,446.24027276517336,449.1862557378928,443.43264672667567,446.2303771972656,27795000
2024-08-13,450.61975472547323,457.569551300317,450.4813374433814,457.3026123046875,40084500
2024-08-14,458.22199728151236,459.80371934391326,453.17027967377,457.4508972167969,34733700
2024-08-15,463.41210698599923,469.4029683616572,463.0364374328367,469.0075378417969,38280600
2024-08-16,467.22802596068016,470.9747955199725,466.2690911711857,469.61053466796875,38383600
2024-08-19,469.7489746870242,475.81891001240314,467.9694921188847,475.77935791015625,23737700
2024-08-20,474.8698533888056,477.4303013239028,473.0903708857028,474.7808837890625,29209300
2024-08-21,475.5618308460851,478.84396118927805,473.85158721252577,476.99530029296875,25658800
2024-08-22,479.30869762007103,480.0007237355,468.4045346186933,469.43267822265625,37739600
2024-08-23,473.77252563936634,477.23259548647326,469.85771220264724,474.52386474609375,36061500
2024-08-26,473.9801181814182,474.8995008639747,467.84094439151784,469.9169921875,27452600
2024-08-27,468.28584855173153,472.3884967040748,466.3284267777959,471.3208312988281,27510000
2024-08-28,470.8561778132263,471.57783018305867,462.5520165904531,465.9725341796875,37372400
2024-08-29,467.8805404533223,472.47748446744345,464.01514442703615,465.2904357910156,41081500
2024-08-30,469.6204472016277,471.4592126463843,465.1421295561887,470.8363952636719,33466500
2024-09-03,467.8014521120676,467.9299436488924,454.16876856274877,456.5413818359375,44985200
2024-09-04,453.43720206493504,459.1512587891513,452.5079237940925,455.35504150390625,32505100
2024-09-05,453.7337600907747,460.05084294783273,452.71551223628245,455.7801513671875,34452400
2024-09-06,455.0782322799744,455.9580930423161,443.0767492583787,443.571044921875,50624400
2024-09-09,447.8912161145642,450.2638294345581,444.6881896410432,449.2752380371094,32981200
2024-09-10,451.03493317073963,453.93152891747957,447.07070215006615,453.4273376464844,29680300
2024-09-11,454.6630592802979,464.01512516597774,446.13151095479947,463.273681640625,57843000
2024-09-12,463.30332782224303,468.63184965336313,461.5238754689245,467.8211975097656,40067800
2024-09-13,467.08963550710143,471.09341826624285,466.8622486435972,469.9169921875,29111800
2024-09-16,467.79158591373465,468.45392528367074,464.52924622945534,467.84100341796875,22585600
2024-09-17,470.85614740557463,472.15119956389003,465.5968345753438,468.08807373046875,30084400
2024-09-18,469.28427953908414,473.36713606881733,465.45840605034135,466.06146240234375,39909200
2024-09-19,477.10410694689955,480.6828333512892,475.0082978923465,477.8455505371094,52782500
2024-09-20,476.98545265824833,478.1717744003599,472.84325229843876,476.93603515625,34577700
2024-09-23,478.11116171555886,479.2892410929773,476.7746818104745,478.20025634765625,24843000
2024-09-24,479.6059805071586,481.4572393469827,475.3589855964362,480.5068664550781,25952600
2024-09-25,479.88316613902225,482.90262496877455,479.7049768893712,480.9523620605469,26549900
2024-09-26,488.4267448803839,488.75345541110636,480.93258416392075,484.5658264160156,32020200
2024-09-27,485.58544329391975,485.7240550678834,480.6949371259619,481.8730163574219,22851100
2024-09-30,480.91280642242884,483.5164604062823,478.0814762210966,483.17987060546875,30281100
2024-10-01,482.8135350239533,483.11051710958384,472.61671704803837,476.44793701171875,42735400
2024-10-02,475.54705906940643,479.03181006240953,472.93352603646395,477.12115478515625,23744000
2024-10-03,474.93330029022553,479.69510472886486,474.19081481378305,476.7647705078125,25337200
2024-10-04,482.5659886710046,482.9916730191702,477.556689946239,482.4372863769531,30686600
2024-10-07,480.5266979537419,481.69486781095134,476.051966306015,477.2696533203125,24975100
2024-10-08,479.8039972195323,485.0805804803255,479.00211535716534,484.3974914550781,28272000
2024-10-09,484.1004494001964,488.78306789538925,483.0609819923418,488.2088623046875,24995000
2024-10-10,485.931954026491,489.51567874684946,484.62517246305833,487.6545104980469,25750400
2024-10-11,485.8230647717071,489.4365180924452,485.2587987967278,488.41680908203125,20644500
2024-10-14,490.8026426096845,493.8319806523621,490.29777307711055,492.51531982421875,26060100
2024-10-15,492.8420214679319,493.50532175325395,483.7837051551439,485.9319763183594,34784500
2024-10-16,486.2586168677319,486.7635165927204,482.68480174875526,485.9913330078125,22996800
2024-10-17,491.4659433311861,491.51543027362754,486.26854547887814,486.32794189453125,27210700
2024-10-18,489.10975989008483,490.6046401020958,488.35736504772586,489.5156555175781,25335000
2024-10-21,488.30793605772305,491.2580891528335,486.38737125668905,490.4562072753906,30336500
2024-10-22,487.7931655992559,492.4658753708208,487.0407706543682,490.99078369140625,26685800
2024-10-23,488.64449759688586,489.29788838737255,480.1900552137996,483.4668884277344,39346600
2024-10-24,487.1793503828589,488.06044763990246,484.5361190353503,487.38726806640625,22024900
2024-10-25,490.1789884845893,495.26747284770505,489.47608053519724,490.357177734375,38762100
2024-10-28,493.46570899239293,493.5251054099527,490.1393887618108,490.4363708496094,20477800
2024-10-29,490.75319577395663,496.3267915168347,488.9019368423387,495.1487121582031,28014100
2024-10-30,494.38643703160704,495.3368099688613,490.92150485664405,491.4065856933594,29756000
2024-10-31,487.4466387819622,487.4961257258289,478.9031016133477,479.0021057128906,41245200
2024-11-01,480.63551804001304,485.8329155059452,480.3385359838251,482.5461730957031,33655800
2024-11-04,481.9423542667288,484.4767021401597,479.39809691969697,481.1404724121094,23291600
2024-11-05,482.7244037190517,487.9416205772672,482.6353090945562,487.2783203125,24353600
2024-11-06,495.54468208997247,501.3360745882348,494.5943091821572,500.5143737792969,43082200
2024-11-07,503.30613815649883,509.17674615897624,503.2467417365988,508.3946228027344,32853100
2024-11-08,507.8996020789155,509.7607703558173,507.27590949550597,508.9886169433594,22924500
2024-11-11,510.20635048230565,510.41426818260885,505.8009544774942,508.69171142578125,24167500
2024-11-12,508.6223031793331,509.5033399064719,504.7217473624921,507.7708740234375,25835300
2024-11-13,507.2661054943715,509.8202120475562,504.84064083500584,507.1175842285156,24567400
2024-11-14,506.78096992499786,507.652127470528,502.6824357607315,503.5932312011719,28679500
2024-11-15,497.90086791848177,498.2869446598162,489.53551938509924,491.5946960449219,51461100
2024-11-18,493.13908404916805,497.10891626859785,491.75311713085495,495.0101318359375,27080800
2024-11-19,492.4361578912134,498.9007299291425,492.0995379045485,498.4156188964844,24523000
2024-11-20,498.1186305655171,498.4354316008749,491.58475271735847,498.1285400390625,29565500
2024-11-21,501.16773456424636,501.88052175534955,492.57471080225247,499.9203796386719,34526700
2024-11-22,499.3660519023766,501.4548965685936,497.7424691375155,500.7223205566406,23826600
2024-11-25,504.7911156851186,506.32560378411665,499.20764065875716,501.5142822265625,26375200
2024-11-26,502.9893137573825,505.028701522575,502.14785444392766,504.2070007324219,26557100
2024-11-27,503.07845230303303,503.147727983714,496.90095284560425,500.2371826171875,24957400
2024-11-29,500.86086684245106,505.2266848191646,500.2470837176549,504.6326904296875,15334000
2024-12-02,505.89001996507164,511.0874183605253,505.5039130111683,510.1271057128906,25147200
2024-12-03,508.80055765426437,511.96850775985183,508.22635196936864,511.6912841796875,18597900
2024-12-04,515.1066667944384,518.274616514731,514.3938494061554,518.0172119140625,26086200
2024-12-05,518.0666968351026,518.7893632698425,516.1956191747214,516.5817260742188,18169600
2024-12-06,517.2451548803521,521.4426638518976,517.1164525410103,521.205078125,23762600
2024-12-09,520.2842786301696,521.0762510047207,515.997645825731,517.1460571289062,20674400
2024-12-10,518.3735493046256,520.1159245338481,513.9582148225552,515.3837890625,24350000
2024-12-11,519.739846737161,525.2936237406254,519.3339812527705,524.6105346679688,32168600
2024-12-12,522.3928400084858,523.6600438990441,520.7494991630005,521.2246704101562,23577500
2024-12-13,525.1450495866374,527.8278579264799,522.0166775373805,525.21435546875,28780400
2024-12-16,527.7388042563879,533.7479929417908,527.6595889004179,532.7777709960938,31979900
2024-12-17,530.98596629447,532.0947397037226,528.7783289494863,530.4315795898438,28579100
2024-12-18,529.7881169480424,531.5007639686596,509.8498941149514,511.29522705078125,54703200
2024-12-19,515.9679627924646,516.5322589540875,508.6817204811397,509.0182800292969,46441800
2024-12-20,505.325646172185,519.5615705210031,504.18717464555,513.4632568359375,60530000
2024-12-23,515.1737776692636,518.8426243845064,511.7826015422581,518.4658203125,29672800
2024-12-24,520.4092391795668,525.5852407299657,519.7746155387468,525.4960327148438,17558200
2024-12-26,523.8699730547174,526.7653609772972,521.8768935817466,525.13916015625,19090500
2024-12-27,521.5793384005979,522.0156346269483,513.4979630219628,518.1583862304688,33839600
2024-12-30,511.16783428858304,514.9853812712737,507.51880817803965,511.2669677734375,34584000
2024-12-31,512.5461437160499,513.2996913516206,505.96205831939585,506.92388916015625,29117000
2025-01-02,509.968007151715,512.288323816092,501.45036488484794,505.93231201171875,36389800
2025-01-03,509.0260470816439,515.2730308235667,508.2130071708806,514.2120361328125,29059500
2025-01-06,519.6061862635828,523.4733001568532,517.6329577649649,520.1217651367188,36109700
2025-01-07,521.1629877821733,521.5595822738941,508.95667719897773,510.84063720703125,36690300
2025-01-08,510.74143805919834,512.5659056329079,506.2694166315945,510.9298400878906,30777800
2025-01-10,507.171781235823,507.2709147208291,499.6754620335601,502.91790771484375,40532500
2025-01-13,496.9784050599846,501.7577832073277,495.4910395583213,501.3016662597656,31694200
2025-01-14,504.4548589417407,505.86291155630545,497.36508964559465,500.82568359375,33737200
2025-01-15,508.7087081711547,513.4880554025902,507.1518949698399,512.3477783203125,34957600
2025-01-16,514.6085374019178,514.6878804962978,508.62936043069755,508.7582702636719,28229000
2025-01-17,518.4459727794786,519.6557281030132,508.7880231807161,517.3453369140625,51837900
2025-01-21,520.0623267442402,521.5397669077764,515.6795730033419,520.379638671875,23628000
2025-01-22,525.109480138854,529.3236827177849,524.8020936657039,527.0331420898438,33593000
2025-01-23,524.5838510983231,528.2725488461796,523.9988545859802,528.153564453125,23096600
2025-01-24,528.530405956913,529.29387911289,523.7014306802266,525.1689453125,19878300
2025-01-27,506.69583084119216,513.6269441667861,505.8529843659653,509.8788146972656,60771700
2025-01-28,510.8802758250669,518.5947739794966,507.4692787651559,517.414794921875,33194200
2025-01-29,518.059207062075,518.1881168803798,512.5460427904881,516.4429321289062,26649000
2025-01-30,519.2988228694454,521.6686459509566,513.8451492601,518.6443481445312,27431300
2025-01-31,522.481692001157,527.0429821306037,516.7999756352082,517.8906860351562,38755200
2025-02-03,509.14497914666026,516.4628217597667,506.7453799127663,513.7459106445312,40580800
2025-02-04,514.2615319309748,520.6869308692702,513.8648769629846,520.0523071289062,26046800
2025-02-05,517.4246314349278,522.5709176307396,516.2347271284133,522.4122314453125,21134100
2025-02-06,522.9180373377746,525.3474131158787,521.311687423661,525.13916015625,19434500
2025-02-07,525.6745976209094,527.6180496311416,517.7915490817724,518.515380859375,29605500
2025-02-10,522.7791231464935,525.8926890123465,522.3131110723367,524.7920532226562,20852800
2025-02-11,521.5298547931517,525.4564609351453,521.4009449429291,523.542724609375,19325500
2025-02-12,517.9006358758927,524.7326156787228,517.5536081471272,523.85009765625,25009400
2025-02-13,525.5159293158989,531.7033597619308,524.732605317865,531.3861083984375,28714800
2025-02-14,531.4951373995543,534.3013169383792,531.1579746283853,533.6171264648438,17862600
2025-02-18,535.1837964310452,535.4515415685663,531.5248751428178,534.8268432617188,20565000
2025-02-19,534.033636710405,536.2547595259927,531.941423747602,534.9756469726562,19666900
2025-02-20,534.1923217325763,534.5592004247703,527.9751743533252,532.7049560546875,26550800
2025-02-21,533.8451252767076,533.864976179548,521.2818640995055,521.6487426757812,47093800
2025-02-24,523.4336296845087,524.6136086408569,515.153986605975,515.4910888671875,39268400
2025-02-25,514.8663953338516,514.9457384341285,505.14895352625115,508.99627685546875,48940000
2025-02-26,511.18775233533705,515.2829099261256,507.0627578614884,510.22589111328125,34457600
2025-02-27,513.7657626731335,514.6978474137826,495.8380347249948,496.0561828613281,52448000
2025-02-28,495.9173916940296,504.49452637787834,492.74433330599743,503.8896789550781,47654000
2025-03-03,507.2114314699513,508.71861754283515,489.4225385345535,492.8633117675781,44587200
2025-03-04,490.01749046351205,499.49696369579414,483.6317324771762,491.3759460449219,67875400
2025-03-05,492.02049550759943,499.3879049957525,487.1221029456595,497.78155517578125,46323700
2025-03-06,489.5316385267994,494.3804341923218,482.10473667776205,484.087890625,57574300
2025-03-07,483.0566680840474,489.1251146473447,476.48250755363216,487.6476745605469,54714700
2025-03-10,479.3778435434795,479.8934526152476,464.71241335787005,468.7481384277344,76668000
2025-03-11,468.37142937549487,474.777008696913,463.0764115172975,467.62774658203125,68760800
2025-03-12,475.1240157545967,477.0080059105102,467.8160984630709,472.90289306640625,46971100
2025-03-13,472.23851884770306,472.26826494555587,462.50122601019615,464.3951416015625,46563300
2025-03-14,469.73976785512326,476.5122252306436,469.13489016928395,475.61981201171875,43563000
2025-03-17,475.5702263569213,481.7477619076092,473.7754744231914,478.70361328125,41744400
2025-03-18,475.37191317732794,475.570210412658,468.43087446970304,470.5429382324219,39072300
2025-03-19,472.7937659202289,481.2419899759292,470.8701043676958,476.83941650390625,40430300
2025-03-20,472.863217084476,480.46859528600214,472.16910112065705,475.2231750488281,36780500
2025-03-21,470.0867861064201,477.5533593130606,468.92665802336944,476.78985595703125,42234900
2025-03-24,484.3529497341384,488.0967889047563,481.0361475224084,487.252685546875,34567200
2025-03-25,487.9776314748478,490.19212618360643,487.01436628000033,490.0332336425781,26035200
2025-03-26,488.8812800947295,489.7353237051958,479.4671320107272,481.01629638671875,34627100
2025-03-27,479.0599740999814,483.20099914044886,476.9149702846153,478.27545166015625,33469800
2025-03-28,476.4780118758711,477.183072876446,464.7996681538199,465.6835021972656,46363800
2025-03-31,458.712276265686,466.5971101953478,454.1541241921948,465.6636657714844,53000300
2025-04-01,464.0548946612918,470.3409539177989,461.1949198365586,469.41741943359375,41156200
2025-04-02,462.88309780084677,476.2297682498692,462.6248936323242,472.84344482421875,49894500
2025-04-03,453.27028599766453,456.8750825593256,447.0140480399336,447.5304260253906,70456300
2025-04-04,435.0974044364688,437.31189907621473,419.7348327636719,419.7348327636719,117088400
2025-04-07,405.82214624882306,440.06271771596437,399.5956979160209,420.7477722167969,161557000
2025-04-08,435.11728254780405,440.06271076881603,406.9442976151024,413.1707458496094,101248100
2025-04-09,412.6841014716894,464.58116381691144,412.5450591482182,462.7638854980469,142876900
2025-04-10,450.41032921157523,452.4262310181804,429.62568122180926,443.0815734863281,108384100
2025-04-11,441.562213700492,452.6248688142693,438.2652614825523,451.2445068359375,52483800
2025-04-14,461.23460948868865,461.8205086737922,449.48677471863374,454.3031005859375,43941200
2025-04-15,455.3557385766258,459.16906857179987,452.9823210663376,454.8095397949219,35404200
2025-04-16,445.911754180635,449.47682014255906,434.72002849561466,441.0954284667969,48980600
2025-04-17,444.06470985775826,444.6406688022329,438.2950286304019,441.0160217285156,44837000
2025-04-21,435.1867959118547,436.03086898438323,424.95830435713054,430.1023254394531,44149300
2025-04-22,435.7727032817461,444.47185048082304,434.5810243366183,441.3934020996094,52304400
2025-04-23,454.9883280627237,460.1621395996958,449.7350551012641,451.40338134765625,55801100
2025-04-24,453.3100434087902,464.4123980424965,452.6645330068807,464.10455322265625,45956100
2025-04-25,463.72717367554924,469.80466908463916,462.1581591656519,469.2783508300781,38697100
2025-04-28,469.74511470528023,471.5127525568199,462.7937251286729,469.1294250488281,33550800
2025-04-29,466.90498894089706,473.1115867619832,466.3289996919343,472.2277526855469,30613100
2025-04-30,463.88610169130095,473.8861795985349,459.218727902781,472.1681823730469,46810600
2025-05-01,480.05301909884207,483.7968278621536,477.40154726890813,478.33502197265625,43316500
2025-05-02,483.16128822739284,487.5009364234009,481.46314130279217,485.43536376953125,39218100
2025-05-05,481.2347608308799,485.63398996616957,480.7382330195203,482.5555114746094,28309500
2025-05-06,476.2297964318658,481.68166261136275,474.86931495073236,478.06695556640625,32786300
2025-05-07,478.7322270675042,482.42639508668225,473.4690445454516,479.9437561035156,38006300
2025-05-08,485.13752412153804,489.2785799317025,480.80781560016067,484.8992004394531,39577600
2025-05-09,486.8057947898926,488.1265757568078,482.82366229776994,484.58135986328125,27767400
2025-05-12,503.46925962959483,504.36303393308185,497.99754376533065,504.32330322265625,45090600
2025-05-13,505.6241514677276,513.797009295527,504.88930008179943,512.009521484375,53269600
2025-05-14,513.1814152753577,515.6242935146439,512.168479062204,515.078125,47014500
2025-05-15,512.933142411462,518.3055470046168,511.5924808683594,515.6441650390625,50153300
2025-05-16,517.044294120501,518.0771107199419,513.5090186630139,517.888427734375,48394600
2025-05-19,510.6689476686652,518.9014181193775,510.6689476686652,518.385009765625,52536200
2025-05-20,515.8626723905012,517.3125556927907,513.0721879895937,516.6571655273438,42517600
2025-05-21,512.6849061770896,519.3681519102574,507.6898067125152,509.477294921875,71292800
2025-05-22,510.0929679354682,514.1148920390241,508.7424267202739,510.4306335449219,55607200
2025-05-23,502.66489596858764,508.28559452080873,502.06905652418396,505.7036437988281,58368100
2025-05-27,512.5657247963487,518.0871120746342,511.0165603257883,517.6004638671875,47226300
2025-05-28,518.553707324964,520.0432905566033,514.7900488464219,515.306396484375,46637200
2025-05-29,522.6750389191951,522.8239609117877,513.7275971013242,516.3194580078125,58513300
2025-05-30,515.8328523034309,517.0642316666292,508.3749943409687,515.505126953125,67662800
2025-06-02,513.6480865025803,519.8149838106336,512.38688645161,519.57666015625,44762800
2025-06-03,519.9241655047615,525.0681860216745,519.0602120182343,523.63818359375,44070300
2025-06-04,524.3432905165386,526.1605992130462,522.3174183265618,525.0980224609375,41359300
2025-06-05,526.4982758102656,529.3483408856316,519.0304773796223,521.1456909179688,61031200
2025-06-06,526.3195126954442,528.1070008049783,524.5419648405629,526.2400512695312,42467000
2025-06-09,526.4585396949342,528.6531539021086,525.3363819554394,527.0146484375,33688700
2025-06-10,527.4813163809062,531.1854549164767,525.2171811724196,530.500244140625,40664800
2025-06-11,531.9003764256685,533.05235473579,526.4286309808334,528.712646484375,53701000
2025-06-12,527.401940897683,530.9272762598631,527.153676990328,529.9540405273438,34104900
2025-06-13,524.0155690794827,528.1764744468518,522.0790985470339,523.3005981445312,55814400
2025-06-16,526.8160526043126,531.6522290488724,526.7664119412208,530.5797119140625,37622100
2025-06-17,528.0176249155262,529.6263701691488,524.2439650748757,525.4058837890625,42180900
2025-06-18,526.4188056074704,528.851804209901,523.7376036898021,525.3165283203125,43983500
2025-06-20,528.5637318632552,529.8546918952343,521.2349774002887,523.1714477539062,61643500
2025-06-23,523.7391506726165,529.0678919430073,520.5975974398857,528.5509643554688,50666100
2025-06-24,533.7604374478519,537.5482262091718,533.1440563345205,536.6336059570312,45442000
2025-06-25,538.9002712385268,540.1429848534073,536.235900529748,538.0054931640625,44804200
2025-06-26,540.1827450564219,543.4833997920184,538.3634559621551,543.0360107421875,43811400
2025-06-27,544.0699627850514,546.7840298565204,541.365786451658,544.8951416015625,57577100
2025-06-30,548.0466486880396,549.5776499977443,545.8097642093843,548.4244384765625,45548700
2025-07-01,546.5255934838585,547.4999223063551,541.4851393331254,543.8015747070312,56166700
2025-07-02,542.9763271064149,547.7881407403361,542.9365821168159,547.5892944335938,36538300
2025-07-03,549.9555251054488,553.9521120780701,549.9555251054488,552.977783203125,26443500
2025-07-07,550.2934997666972,551.1087271918242,546.3764639666066,548.8121948242188,45349300
2025-07-08,550.154338331448,550.7806708992875,547.8875993850992,549.1204223632812,36153300
2025-07-09,551.2478664323185,554.3795290687111,549.8759057229825,553.007568359375,43045500
2025-07-10,553.6438277114144,554.0514110672418,549.5279457662349,552.2122192382812,34710900
2025-07-11,550.0747653451698,552.550241260774,548.8320516783502,550.9695434570312,39618600
2025-07-14,550.7607434561655,553.7035112516938,548.4145146258895,552.9678344726562,36453300
2025-07-15,556.9843062940589,557.5310882116617,553.4152056824207,553.474853515625,43277700
2025-07-16,554.0316131674816,556.9445267538166,548.3449238107365,554.04150390625,52314700
2025-07-17,554.7673336412346,559.0323054850909,553.9620575398243,558.5252685546875,40423800
2025-07-18,559.8374855074329,561.4380860166281,556.7157744680799,557.9883422851562,50484700
2025-07-21,558.813515991401,562.7603451130758,558.783661740004,560.88134765625,39595200
2025-07-22,561.0106638998457,561.0603603122628,555.3538286769178,557.9784545898438,43270600
2025-07-23,559.0622181750978,560.5633656059625,556.3182961562729,560.5236206054688,40215300
2025-07-24,561.8358483971182,562.939363617183,560.0065471027547,561.716552734375,42275500
2025-07-25,561.6369949015883,564.3908678867722,560.9808687648707,563.068603515625,30630800
2025-07-28,564.4305544544877,565.7229644368575,563.565630660474,564.8282470703125,31498700
2025-07-29,567.4330285462547,568.7751350745425,563.2277047901983,563.9534301757812,45463300
2025-07-30,564.8680250229864,567.2938044905766,561.7562651946612,564.708984375,43433800
2025-07-31,571.190970580284,571.2804726670317,560.5831832589339,561.716552734375,64613600
2025-08-01,555.5725251375388,555.7614200303079,548.464179134219,550.6513671875,69400800
2025-08-04,555.7913377614522,561.0306388423193,555.6919449238438,560.8118896484375,47669800
2025-08-05,562.0943005518618,563.2574635163702,556.467259269024,557.004150390625,48666600
2025-08-06,557.8392381791041,564.4504991615455,557.3620555482147,564.0130615234375,41823700
2025-08-07,568.3377644787327,569.9781710329648,561.8160046192106,565.9219360351562,44463000
2025-08-08,567.1247903648876,571.4196158459907,566.8265512369031,571.2008666992188,35255500
2025-08-11,571.3401044656866,573.4377906026674,568.238295962644,569.5108032226562,33112900
2025-08-12,571.8073129373929,576.9670623788118,569.1528936023716,576.6688232421875,42143300
2025-08-13,579.3630911415263,579.919824464235,575.5653507090063,576.9572143554688,41209300
2025-08-14,574.9092868041537,578.4882784548599,574.541387675975,576.5098876953125,45425000
2025-08-15,576.4203533540477,576.4601590302121,572.2150292978006,573.9747314453125,49480200
2025-08-18,573.0798941458493,574.402158474889,571.8868768922468,573.7459716796875,29831000
2025-08-19,573.030210843046,573.1992029150304,564.9376447129671,565.961669921875,53752600
2025-08-20,565.0172075838456,565.1365032465736,555.5825347335871,562.6013793945312,76781100
2025-08-21,561.060352587378,563.1878929880804,557.7100013329036,559.9966430664062,46436900
2025-08-22,561.3785497991843,570.644231266478,559.9867467368504,568.635986328125,51502100
2025-08-25,567.0751561380605,569.9482641786268,565.8423331415836,566.99560546875,34044700
2025-08-26,566.5084530912841,569.5804073661923,565.4844278800615,569.272216796875,34103000
2025-08-27,568.258145475305,571.0616538874066,567.0452254794283,570.1470336914062,36927100
2025-08-28,570.7634065394311,574.6307456710974,569.1230610606233,573.7161254882812,46787900
2025-08-29,571.3102515546032,571.6781506312136,565.225930193606,567.0751342773438,56030400
2025-09-02,558.0380628796443,562.6708725533646,556.2783609773549,562.3229370117188,65876800
2025-09-03,565.9119399720083,568.3675738998842,563.4265124673556,566.7470703125,54230200
2025-09-04,567.413074576967,572.2447304586526,565.7130812182487,571.8768920898438,47526300
2025-09-05,577.1061957123322,577.7325281682172,568.198464214182,572.7020263671875,68342500
2025-09-08,574.9986420687553,577.4542758453497,574.4021637761383,575.4957275390625,46371400
2025-09-09,576.2910903587206,577.5537069544023,573.6764157572246,577.126220703125,44007600
2025-09-10,580.3373212188227,580.3671754724255,575.1775717338585,577.3150634765625,49308000
2025-09-11,579.8402237522287,581.4706785849379,578.2296717548423,580.6753540039062,44745800
2025-09-12,581.6297433459904,584.4333126708588,580.6952202377008,583.2402954101562,50745900
2025-09-15,585.0099748299342,588.3404233464852,584.8608249109443,588.2310791015625,44360300
2025-09-16,589.1556048651221,589.4041475911258,587.047967402961,587.7339477539062,36942100
2025-09-17,587.6544158082771,588.3006511882201,580.9636648285566,586.5608520507812,69384800
2025-09-18,591.4422704413523,594.6534841828069,589.5036854446214,591.8499145507812,61069300
2025-09-19,593.8481392234803,596.5522550297854,592.376724983576,595.8563232421875,58196100
2025-09-22,594.944685223359,600.0506998619353,594.9247593125743,599.3838500976562,57154800
2025-09-23,599.5530088196715,599.7520856686153,594.1882006017188,595.4025268554688,64635500
2025-09-24,596.7760840009503,597.0945948124443,590.5851402114129,593.3123168945312,49850300
2025-09-25,589.430597247467,592.3369248989499,585.747888095055,590.75439453125,70920200
2025-09-26,591.5705031390479,593.5113961310994,588.2959106650876,593.1829223632812,54337400
2025-09-29,596.3082204485978,599.2344738358131,594.6161584254272,595.9299926757812,48332900
2025-09-30,595.6314478673851,597.900814656983,593.312327051642,597.5623779296875,46533800
2025-10-01,594.3773102269436,600.9663468565046,593.5512354718333,600.4288940429688,46899600
2025-10-02,604.2210139137661,604.3205219527487,600.1103234584608,602.897216796875,43765400
2025-10-03,603.6736359963404,604.4898085161411,598.5775847871106,600.3591918945312,46482100
2025-10-06,605.604571632931,606.5102892520208,603.1361281413168,604.8680419921875,41962100
2025-10-07,606.1719018399856,606.8586774446749,600.2099241447881,601.6829833984375,58209500
2025-10-08,602.5786764717058,608.8890531764704,602.4294144205519,608.5805053710938,50629800
2025-10-09,608.6204370055018,608.7498339295508,604.6391427264058,607.8441162109375,45551000
2025-10-10,608.5408348591906,610.3124791653014,586.2953173560331,586.7432250976562,97614800
2025-10-13,596.8755814137287,600.130308656237,594.437026720554,599.1947021484375,65872600
2025-10-14,592.5259468728633,599.8714381279206,587.3701791592366,595.203369140625,69203200
2025-10-15,601.1852932442931,603.862715605542,593.143063206646,599.4036254882812,62805500
2025-10-16,602.2801330218135,605.4651800783457,592.7150896478986,597.18408203125,70982000
2025-10-17,595.1536373813661,602.6782798326376,593.5810094041973,601.1056518554688,72024900
2025-10-20,604.3006671752644,609.9341709221964,604.2309872468923,608.6800537109375,45761700
2025-10-21,608.7796678481768,609.8545734667066,606.4705100847576,608.5208740234375,44538200
2025-10-22,607.9634772307389,608.550684046599,596.9352763909752,602.6583862304688,61478800
2025-10-23,602.0810816712476,608.5108930309417,601.6929516953679,607.724609375,42844300
2025-10-24,613.1093168162636,615.5279456461734,612.2533531809327,614.214111328125,47632500
2025-10-27,621.5993980822419,625.6105198516532,621.1116993292344,625.1527099609375,54098600
2025-10-28,627.4120574784298,631.7118619498357,626.307263060354,629.9600830078125,61195700
2025-10-29,632.617602014598,634.0309441778932,627.3025485347416,632.7967529296875,67422800
2025-10-30,629.2136282645249,630.5374255047892,623.012782414942,623.1222534179688,61628600
2025-10-31,631.2041764187513,631.2340652783839,623.7591773827837,626.1280517578125,66305100
2025-11-03,632.1398830378624,632.8465845810617,626.9044717945962,629.1240844726562,37154300
2025-11-04,620.3651862929894,624.0180060926541,615.5677203048753,616.35400390625,63830800
2025-11-05,615.5975355628647,623.6695934372061,614.3235532511798,620.3651733398438,48688500
2025-11-06,618.8821162096355,619.1309470601153,607.4458600415353,608.8094482421875,72115100
2025-11-07,605.4651835773906,607.0975285563833,595.8702512859107,606.8884887695312,81835400
2025-11-10,616.0255273285376,621.3903349091554,614.0050524635872,620.3153686523438,55919900
2025-11-11,617.667884551536,619.807793532697,614.6321601598369,618.6632080078125,44868800
2025-11-12,621.9179631936865,621.9378283538965,614.9208098206749,618.175537109375,47444400
2025-11-13,614.6520197078406,615.2293243171331,603.2456518828649,605.5548095703125,71333600
2025-11-14,596.7462352895467,610.4816884296766,594.377360328816,606.0126953125,80087300
2025-11-17,603.4646437955126,609.6157359179533,597.064720790693,600.8369750976562,63850400
2025-11-18,596.8158193326508,599.4932417404225,588.5745730726753,593.5213012695312,83327300
2025-11-19,594.277803642733,603.3252601497043,591.8094208267037,597.064697265625,73111500
2025-11-20,608.7597480209467,611.1585116514054,582.0154107078263,582.9310913085938,117743200
2025-11-21,584.7226693166165,594.1882055528395,578.0241615794017,587.310546875,103344200
2025-11-24,592.4961555049445,603.8428060601079,592.3766608046226,602.3298950195312,60168100
2025-11-25,600.6876962050133,607.4061298411984,594.526641299767,606.0425415039062,57560900
2025-11-26,609.6456207819383,613.3084040565466,607.5355397731937,611.3973999023438,42393600
2025-11-28,613.228673908852,616.4236838329113,612.5418983457259,616.35400390625,23034400
2025-12-01,610.7603293223117,616.5431560974239,609.6555348802722,614.2837524414062,40957600
2025-12-02,616.5630868277917,620.8330025626916,614.7018368343952,619.0911865234375,54541800
2025-12-03,616.7222793869383,621.3007427206581,615.1397492029907,620.6040649414062,47841600
2025-12-04,622.007417155587,622.0173801090948,616.6426096904333,620.0267333984375,47067800
2025-12-05,621.4601000759177,625.9788469562651,620.7932503319497,622.554931640625,53614200
2025-12-08,624.2768250026879,625.8992070395384,618.7826202766802,621.3605346679688,43462400
2025-12-09,620.0965150170424,622.9431257001851,618.0959050247836,622.126953125,37156000
2025-12-10,620.9325009204754,626.2674807044035,618.0858904749533,624.6749267578125,55031400
2025-12-11,620.9027009347221,622.8535568265262,614.8311912534539,622.6544799804688,58272800
2025-12-12,619.1707625316516,620.623895733337,608.5008646995267,610.7503051757812,75158700
2025-12-15,615.4781529916935,615.5279070139317,606.4704879765786,607.6847534179688,49538200
2025-12-16,605.4154908096834,610.640939262189,604.0717676149177,608.88916015625,55152800
2025-12-17,610.1929774623923,610.7802450139451,597.4727756606954,597.6021118164062,70654300
2025-12-18,606.9481891411226,610.0635562018889,604.0816529270647,606.2614135742188,78875800
2025-12-19,609.0881814780194,614.731648282282,609.008538594176,614.164306640625,60369800
2025-12-22,619.2410277166947,619.5400581375426,615.6732225286527,617.1083374023438,43703100
2025-12-23,616.1017112134413,620.2973826571792,615.6831538137028,619.9984130859375,41120400
2025-12-24,619.8788381544654,622.1611043897402,619.6097351207538,621.812255859375,18468700
2025-12-26,622.5398061068336,623.3969333982391,621.025006522853,621.7724609375,28959800
2025-12-29,617.9952283512266,620.6661854070132,616.6298832800768,618.7626342773438,32458300
2025-12-30,617.7362181598814,620.068241865734,617.1182665497881,617.3275756835938,31226800
2025-12-31,617.5468163565164,617.8557617254266,611.9657873069227,612.2249145507812,40746500
2026-01-02,617.9553870831127,620.7358953542944,608.0790504146867,611.0389404296875,61859200
2026-01-05,617.2178977361207,618.7028306128764,614.6266862165028,615.8923950195312,46828400
2026-01-06,617.1281744487,621.9019550397833,616.4405140309859,621.303955078125,43137500
2026-01-07,620.9253234207138,625.8087167042466,620.4469720495259,621.9020385742188,44880300
2026-01-08,620.9153218016421,621.303951822496,615.7030322638508,618.3639526367188,50435900
2026-01-09,619.3008056143428,625.7588527928842,616.9588062315833,624.5230712890625,49688700
2026-01-12,620.1977700429699,626.7155502563702,620.1479519171962,625.041259765625,37388700
2026-01-13,625.140974146081,627.3334583647393,621.5830839442848,624.1144409179688,44481400
2026-01-14,620.1280157301809,621.3339307094008,612.4740900847709,617.4471435546875,72598700
2026-01-15,624.4732033837762,627.8616876163956,618.6430834728214,619.6696166992188,53934900
2026-01-16,623.3769663073682,623.9550147388202,616.7794403711221,619.1513671875,61058100
2026-01-20,608.4578028817349,612.9723957819789,604.9895731374214,605.9961547851562,81988900
2026-01-21,607.4013491018657,618.3141955207952,605.7968282532911,614.1882934570312,79837900
2026-01-22,620.2375842668598,620.347257132182,615.6831493704997,618.6530151367188,42254800
2026-01-23,617.6265424291936,623.2773415638685,616.5502518751565,620.6063842773438,43645800
2026-01-26,621.0947340762326,625.4797631810548,620.0084069696974,623.3370971679688,35983000
2026-01-27,626.7753573897714,629.8947385616864,625.210739736326,628.9878540039062,38997200
2026-01-28,633.3031267391333,634.4392110916745,629.6654913345894,631.0706787109375,50691700
2026-01-29,630.502742743786,631.5192393919408,616.1715451315209,627.2936401367188,79944000
2026-01-30,623.5862091740412,626.1275416849769,617.1979322175918,619.7592163085938,65650700
2026-02-02,616.6000209191627,626.3567698077312,616.5601177572296,624.0147705078125,49020300
2026-02-03,626.1674139293162,627.8417043791845,608.8863033670389,614.4274291992188,81234000
2026-02-04,612.9325250551025,613.0122097237908,598.4318618495455,603.6939697265625,81850700
2026-02-05,598.1728002779972,602.7571627123452,592.7412864010469,595.0036010742188,89354500
2026-02-06,598.1528367578925,609.3347246219274,596.7376735555687,607.5807495117188,78019300
2026-02-09,605.4779073318616,614.3676754732974,603.0163200345862,612.2349243164062,56797600
2026-02-10,613.221585779639,614.9258037997442,608.9361924921908,609.3945922851562,53938900
2026-02-11,614.287912259566,615.4240575153926,605.6274050805947,611.0289916992188,58575100
2026-02-12,612.6235691721736,613.719811213741,597.5349428610552,598.601318359375,81378900
2026-02-13,598.3920201980992,604.4214731930686,594.3956211608477,599.876953125,69237500
2026-02-17,596.3489614066287,601.900062806609,591.3260902585407,599.259033203125,69013800
2026-02-18,600.0663235174607,607.7003582620254,598.6810268108527,603.7338256835938,64250700
2026-02-19,600.7639588101054,603.763752095183,598.710953230483,601.4216918945312,60960800
2026-02-20,598.0831443998615,608.2784035741612,597.1961505255856,606.74365234375,74127300
2026-02-23,604.551014539048,605.9462869551629,597.0166773136035,599.36865234375,63859100
2026-02-24,600.3553581675079,606.9229563249177,597.6943768857255,605.8067626953125,55023700
2026-02-25,608.995909128246,614.7363682274654,608.9261394233886,614.5868530273438,55710700
2026-02-26,613.5006642563195,613.5006642563195,601.9300233109441,607.1721801757812,96178900
2026-02-27,600.9333908786662,606.2552930140329,600.1460941357092,605.228759765625,68125200
2026-03-02,596.8272887885241,607.8497456538431,595.9602466755911,606.0260009765625,75264600
2026-03-03,594.3059664111527,601.9100736934439,589.8610825503507,599.5381469726562,97015500
2026-03-04,602.1094032397743,610.7998384548731,601.3819003863031,608.6770629882812,70943900
2026-03-05,605.338437930278,610.6802308667765,600.2158690906975,606.84326171875,89602400
2026-03-06,598.272391216619,603.9430803280663,596.299131310206,597.7142944335938,86302300
2026-03-09,592.2130380432229,607.2020280273126,589.3229177543049,605.6971435546875,93068200
2026-03-10,605.7171291112322,611.2083762165881,603.3650930899329,605.7071533203125,64078900
2026-03-11,606.8831745719045,610.3513436366671,602.9764964783102,605.62744140625,60114800
2026-03-12,600.7141815669924,602.0895025742029,595.0235399841715,595.2328491210938,71836600
2026-03-13,597.6943836062096,601.5512432287993,590.5587127632866,591.7047729492188,63145500
2026-03-16,598.0033513683248,601.8103930085241,597.0765152286837,598.3422241210938,49077200
2026-03-17,601.0928621051149,603.8435039613423,599.827153220896,601.2622680664062,47106600
2026-03-18,599.4483963163733,601.1127109244666,592.5419256129081,592.8807983398438,56128000
2026-03-19,587.5091059918601,593.7777346942335,585.0873611514585,591.0072021484375,75597600
2026-03-20,589.0538644721536,589.1634765193921,576.5763394854986,580.0844116210938,91964700
2026-03-23,589.2577971122703,593.8080477851386,584.707546439402,586.7431640625,89936100
2026-03-24,583.5599323333884,586.6732582803922,580.6860836277402,582.731689453125,57750900
2026-03-25,587.8807233962021,590.105937264777,584.4380856164452,586.5635375976562,60475500
2026-03-26,581.354642361522,583.3803323809582,572.2042606955537,572.5634765625,81492100
2026-03-27,569.5898294008852,569.7994024288408,560.3695906458286,561.37744140625,82702200
2026-03-30,566.1672557562856,566.8358066082409,554.4124057398176,557.0867309570312,70602600
2026-03-31,563.0837667324405,577.4031290957437,563.0039815896954,575.9462280273438,95878000
2026-04-01,580.2370672268827,586.4836962239632,579.179335412676,583.06103515625,79435100
2026-04-02,572.7430779653056,584.7972733467034,570.6974721352691,583.7295532226562,50941700
2026-04-06,584.9768981262092,589.3475406308395,583.4402118432972,587.2420654296875,35108500
2026-04-07,584.3882026562935,587.7210292628183,577.1636879809167,587.3319091796875,49948200
2026-04-08,607.4088894425788,608.5963482247196,600.8329489303708,604.7944946289062,63086000
2026-04-09,604.6347774379597,609.1950160707539,601.7410129216331,608.8856811523438,37837500
2026-04-10,610.5321674952482,612.3582118654269,608.2769886899993,609.7637939453125,34038500
2026-04-13,608.1772466686149,625.4003640032612,606.8101798493245,616.0703735351562,32972100
2026-04-14,618.8941947521593,627.2562866210938,618.7744561353234,627.2562866210938,49921100
2026-04-15,627.7353139030603,636.4666101570109,626.8571900931449,636.0375366210938,50102400
2026-04-16,637.8436965859062,640.8073189117684,633.9021276162631,639.1009521484375,42320600
2026-04-17,644.2100323367088,648.6105788505391,642.6932619551269,647.4630126953125,53488900
2026-04-20,646.6547376870972,647.3732302965532,641.1465785698142,645.4074096679688,37138500
2026-04-21,647.0239939193881,648.8102067653653,640.8372951709442,642.9527587890625,39580500
2026-04-22,648.7602969829716,653.9292171714128,647.1337763152069,653.7096557617188,37368400
2026-04-23,652.1529787029532,655.5157702184271,644.1401750634725,650.0275268554688,40099800
2026-04-24,657.1024209404745,663.0895957247212,655.1266727511743,662.4609375,45563100
2026-04-27,661.9819986507146,663.0097653425256,659.2777693835679,662.8101806640625,32717000
2026-04-28,656.004754848671,658.2300296236717,652.4124742350715,656.1444702148438,34147900
2026-04-29,657.2221656812865,660.3055266172468,655.1865481613837,660.1558837890625,31724900
2026-04-30,663.927777159514,667.470237689687,656.1544503606949,666.3126831054688,40622200
2026-05-01,667.7296602517982,674.5251016090374,667.3704443600215,672.7090454101562,39172600
2026-05-04,673.2178749724156,675.2834576176889,667.4702382389029,671.4417114257812,34542000
2026-05-05,676.5108537091375,681.3105696942113,676.06180342226,680.1530151367188,37101100
2026-05-06,686.309864653291,694.4424070727396,685.012594745374,694.2827758789062,38778500
2026-05-07,695.0910378327916,699.741050020677,690.2913219165297,693.4545288085938,43779100
2026-05-08,698.4238945105413,709.709716796875,698.0048093195176,709.709716796875,44320400
2026-05-11,708.8415900113766,713.0625897963787,707.3946772072168,711.7653198242188,36019100
2026-05-12,706.7060961344681,708.6619284096558,695.1508931250245,705.7282104492188,45873000
2026-05-13,708.4424652516221,715.1181676509774,703.3234258783424,713.1823120117188,40012500
2026-05-14,713.0924719031191,720.4866668965204,712.6933025541022,718.2514038085938,33327500
2026-05-15,708.6220472937023,713.6013711212843,704.0418318990444,707.4146118164062,51792700
2026-05-18,710.0190294838146,710.5479258193494,697.3561524904881,704.3711547851562,49834500
2026-05-19,698.3141623863071,704.9798766607653,693.7639117658215,700.030517578125,46827500
2026-05-20,703.7823654299403,711.6256103515625,702.2855717974863,711.6256103515625,36779200
2026-05-21,707.4745066970102,715.5871334944783,705.2592812358496,712.9827270507812,36415400
2026-05-22,716.5351219372583,720.5764528207093,714.4196583413607,716.0062255859375,33118600
2026-05-26,724.4082211964219,729.607045402997,722.6120201244876,728.718994140625,34254700
2026-05-27,731.393253873753,731.7524697241859,723.8893090619304,727.8907470703125,35148700
2026-05-28,728.1702007772236,735.0255114506422,724.8572898861221,734.0276489257812,32840000
2026-05-29,736.2628454135092,740.0447221142881,733.6783549102875,736.7318115234375,37541700
2026-06-01,735.4645156241552,744.0561575758685,734.4167722362946,741.15234375,33890600
2026-06-02,740.8130908722517,744.8444331554832,737.6498231242726,744.5650024414062,30085200
2026-06-03,745.7126120403002,747.0497745697194,739.4260905589007,742.6192626953125,40270200
2026-06-04,733.9078771104591,741.9107536874841,731.0540050355258,739.0269165039062,40782600
2026-06-05,728.4994162728981,730.1259368460317,702.814448019166,703.5528564453125,99606600
2026-06-08,716.2756997672813,721.484573841008,711.5458411228426,714.5394287109375,47401500
2026-06-09,721.434596637807,724.1088607768927,684.9028658450729,706.3170166015625,91932200
2026-06-10,700.1601489508766,709.7596418767092,691.448829138881,692.2072143554688,65334300
2026-06-11,697.79525259889,716.8344863404582,693.5144443572524,715.587158203125,71798900
2026-06-12,716.076088228132,722.4624325384626,709.7596625054938,719.7981567382812,51168400
2026-06-15,736.5222551108849,743.1680531807805,735.8038233761346,742.40966796875,46710200
2026-06-16,740.6633959693683,742.629155741597,728.0803652201432,728.2998657226562,45348700
2026-06-17,733.6185262683754,734.1074691435972,719.3091513674342,720.9656372070312,51669300
2026-06-18,735.6242535433294,740.2343734608266,730.9442759416646,739.0369262695312,50154600
2026-06-22,741.2475942735041,744.6740164081855,733.6255320449774,737.1818237304688,43518600
2026-06-23,714.994955841975,722.8567588543334,711.368729535907,712.9071655273438,53354200
2026-06-24,714.6253657788768,719.1806168314835,703.7167494897757,709.8803100585938,52480400
2026-06-25,725.144386854217,726.073411438839,704.5657941797848,715.63427734375,49668000
2026-06-26,706.3939573549355,714.8151753001493,702.0784467013282,705.7846069335938,47081800
2026-06-29,713.2467701925264,723.8257734758017,704.4359439581019,723.3262939453125,44939100
2026-06-30,723.4261723402657,736.8521846863197,723.156433880318,735.6334838867188,42121800
2026-07-01,728.4309348946762,731.1580735258118,723.8456861360175,724.4151000976562,40803800
2026-07-02,724.8247456386157,730.0692808035519,706.823483523477,711.8582153320312,50959800
2026-07-06,719.1806205090421,725.3242433880005,717.7021805458717,722.067626953125,30220400
2026-07-07,713.42658457407,715.6043080380856,704.1662754218111,708.6915283203125,42483100
2026-07-08,704.2162281021572,711.5186166673155,700.1803943256999,710.699462890625,35603200
2026-07-09,717.5823009494849,723.476123003734,714.3856196637845,722.5271606445312,33654700
2026-07-10,719.9498309758326,725.633910657471,716.2536701350646,724.7548217773438,26415900
2026-07-13,716.9728399125403,717.9917976257694,709.3408393238593,710.9990844726562,36552400
2026-07-14,719.4702735364855,721.5381261320255,713.5964502872879,718.9408569335938,29448100
2026-07-15,723.0964840498398,723.6059629208669,709.4906666647634,716.9928588867188,32627600
2026-07-16,711.2688277809667,712.8571384924941,701.8785885225277,705.2051391601562,39402000
2026-07-17,690.9300392487022,701.5689163623388,686.0451149463661,694.606201171875,54109300
2026-07-20,701.4290751693121,705.0653008245885,694.7860339234736,695.33544921875,29687600
2026-07-21,705.8345294031318,709.3108875148979,702.0684341343024,708.2319946289062,33728300
2026-07-22,702.8875430569569,708.9112952334938,702.8875430569569,704.61572265625,23692200
2026-07-23,693.9468861753709,697.9327231441935,687.0740428357205,691.23974609375,44028600
2026-07-24,689.6913211134731,691.9090420069233,681.7695828163428,683.5177612304688,42876700
2026-07-27,690.9600196558405,691.5793694171385,675.246412599162,681.4099731445312,42681500
2026-07-28,675.5260852047327,678.69282941625,667.1848012007116,674.786865234375,51398700
2026-07-29,674.8068223593629,679.3420743940087,660.4517860132496,661.0411376953125,57233300
2026-07-30,674.0576119251697,684.4068129515903,672.5991097762519,682.8384399414062,66753700
2026-07-31,691.3895713800811,695.0457958477069,679.3421270152298,687.2738647460938,50540500
2026-08-03,687.5835404062232,700.8597459456591,685.1061413344767,699.34130859375,44965100
2026-08-04,707.4228263749409,724.9046100552433,706.7935382563429,723.0964965820312,59778600
2026-08-05,725.4940407971483,727.7816351687756,716.1737353937511,716.5533447265625,33540200
2026-08-06,710.0800975972087,718.5712497417534,707.7625052246912,713.9061279296875,33035900
2026-08-07,719.4003977892652,722.8767558377907,715.7641721456221,722.2774047851562,31070400
2026-08-10,721.6380662225321,723.9156612253314,719.5802129514979,720.11962890625,26243200
2026-08-11,722.5370761410037,722.5970112457043,714.7552070178748,717.7021484375,29286100
2026-08-12,726.32320296041,726.4930089361641,722.1674989405016,722.9467163085938,29066000
2026-08-13,724.3952036143359,733.1960306989878,723.276374318815,731.3079833984375,31599700
2026-08-14,732.6465510961883,733.6255724540374,727.561883529615,730.3090209960938,23790600
2026-08-17,732.1870404067878,733.8153485193716,728.5108784569633,729.1102294921875,26452600
2026-08-18,719.4603242061223,721.3783085230132,715.1747508308598,716.7631225585938,48997200
2026-08-19,719.6401056796244,720.7489355626859,711.8681752092583,715.3345947265625,35801700
2026-08-20,711.3487680341726,714.1957769031727,707.782476952734,710.18994140625,33396400
2026-08-21,714.485502546953,714.9250469928722,708.46181083734,712.6973876953125,33399400
2026-08-24,708.9212669826352,709.0511365395006,701.9685508753718,705.5847778320312,37443100
2026-08-25,710.4796431110551,713.2967150154067,706.713608864013,709.9801635742188,23869600
2026-08-26,707.6725757719001,712.2778234739277,707.2330313373777,710.6295166015625,20392400
2026-08-27,716.1837333189847,720.5991154262211,713.7862680851495,720.359375,28723500
2026-08-28,718.9908173393685,723.3762624487671,714.3456940785237,715.6842651367188,34105400
2026-08-31,714.425544259608,716.8330697733344,712.4176267643429,716.013916015625,32237200
2026-09-01,706.6536415906066,711.5585035915489,703.9264419829226,706.9033813476562,35236100
2026-09-02,706.3639219777956,709.0611236151823,704.3660038718234,708.501708984375,23476200
2026-09-03,710.1100046716628,718.1716113897015,708.9512390201578,716.9229125976562,29449800
2026-09-04,718.601156571467,721.1085535017505,715.8140828169636,718.2116088867188,32871100
2026-09-08,720.1595771602128,721.1385985378392,714.8251697161986,717.6122436523438,28341400
2026-09-09,715.6543252365607,718.9508780796424,713.276797695489,715.5643920898438,26763400
2026-09-10,706.8135035284996,711.3188188537567,706.1242193062288,707.9523315429688,31414400
2026-09-11,714.9350193188371,716.8830016980755,712.8871654213293,714.1358642578125,26649100
2026-09-14,702.597886401324,712.2078675940699,702.0084737337293,708.4417724609375,35219000
2026-09-15,708.062154852668,708.7914364120502,702.9075530374577,703.8065795898438,26631700
2026-09-16,707.2630040952242,711.138970068843,699.2713317325664,703.9863891601562,35688000
2026-09-17,715.2047450412119,717.2925353145212,712.577477858311,716.1737060546875,37270300
2026-09-18,718.08176775015,720.9787124798182,714.3356712251818,720.6990356445312,48478700
