drop_pct,take_profit_pct,amount_multiplier,max_add_orders,return_pct,annualized_pct,max_drawdown_pct,cycles,win_cycles,open_position,open_unrealized_pct,max_deployed_usd,fees_usd,ending_equity_usd,calculated_days,window,score
8.0,10.0,1.2,9,21.07012350601767,924.5124466206514,20.046394439222738,3,3,True,-4.000070972465641,8450.0416,30.745888512504287,12107.012350601766,29.993055555555557,30d,-11.999468152816437
8.0,10.0,1.0,9,12.558457573805004,321.9348066900091,16.642729826988877,3,3,True,-4.576409177016904,6006.0,24.4146900149813,11255.8457573805,29.993055555555557,30d,-15.40563716667831
8.0,10.0,1.5,9,23.603572123726234,1218.1657395325442,24.43085072745117,3,3,True,-3.259064709471138,10000.0,34.98604456905798,12360.357212372623,29.993055555555557,30d,-16.042703967450517
8.0,7.000000000000001,1.0,9,12.72297234579256,329.5012598052142,20.446322343967616,6,6,True,-7.211904113915635,6934.690437283483,34.52039110622637,11272.297234579257,29.993055555555557,30d,-20.946511170158864
8.0,7.000000000000001,1.2,9,20.857403615838678,902.820250192086,26.210623120479838,6,6,True,-6.63187890367084,10000.0,42.06152886629479,12085.740361583867,29.993055555555557,30d,-21.45853106488108
8.0,5.0,1.0,9,12.243106897174538,307.77199952438644,20.484851570072284,7,7,True,-7.20277525138926,6945.7911628211,36.4740841146313,11224.310689717455,29.993055555555557,30d,-21.48417045793389
8.0,5.0,1.2,9,20.329410001566607,850.7868211268501,26.244871963579207,7,7,True,-6.623320595052363,10000.0,43.988202767223406,12032.941000156661,29.993055555555557,30d,-22.0378979438022
5.0,10.0,1.0,9,17.23783339462599,592.6586604654893,24.947110723703283,4,4,True,-6.344276351943234,9009.0,39.075389760638,11723.7833394626,29.993055555555557,30d,-23.182832690928937
6.0,10.0,1.2,9,20.162362123968624,834.8478540351797,27.552974932522556,4,4,True,-5.461566226373604,10000.0,41.32661289488838,12016.236212396863,29.993055555555557,30d,-24.16710027481521
8.0,3.0,1.0,9,9.160994842339454,190.57726851613208,20.48225810252329,11,11,True,-7.20277525138926,6944.513669740283,44.1735723974306,10916.099484233946,29.993055555555557,30d,-24.56239231144548
8.0,3.0,1.2,9,16.95062794751263,572.2890224289428,26.24239749367252,11,11,True,-6.623320595052363,10000.0,51.66054934212081,11695.062794751262,29.993055555555557,30d,-25.412968292996155
6.0,10.0,1.0,9,8.917171294368554,182.77660144213493,21.27529172364342,3,3,True,-6.5021864920821955,7007.0,27.175239916496327,10891.717129436856,29.993055555555557,30d,-25.995766291096576
6.0,3.0,1.0,9,12.929381737841394,339.17066381922183,25.31093874545699,12,12,True,-4.801372331578902,7945.513669740283,55.53672184378433,11292.93817378414,29.993055555555557,30d,-28.037026380344088
5.0,3.0,1.0,9,17.14532130388795,586.0363560383154,28.971055881633735,12,12,True,-5.672481590885026,9947.513669740283,59.997655949237064,11714.532130388794,29.993055555555557,30d,-29.311262518562653
6.0,5.0,1.0,9,11.656374730101415,282.5760262257489,25.31412590025632,8,8,True,-4.801372331578902,7946.7911628211,43.397281702869435,11165.637473010142,29.993055555555557,30d,-29.314814120283064
4.0,10.0,1.0,9,16.70890025056295,555.5725329556349,28.871828443234214,4,4,True,-6.783401324002602,10000.0,44.09641750610198,11670.890025056295,29.993055555555557,30d,-29.598842414288367
5.0,5.0,1.0,9,16.82241621574554,563.374539458993,28.974710781367353,8,8,True,-5.672481590885026,9948.7911628211,49.95532310758118,11682.241621574554,29.993055555555557,30d,-29.63964995630549
5.0,7.000000000000001,1.0,9,16.397037957802162,534.5695436698385,29.748617255782627,7,7,True,-5.612951609819461,9937.690437283483,47.90835473297036,11639.703795780217,29.993055555555557,30d,-31.22588792587178
6.0,7.000000000000001,1.0,9,7.657702824721446,145.4553074761627,25.27415335552933,5,5,True,-4.741842350513337,7935.690437283483,30.98261626645315,10765.770282472144,29.993055555555557,30d,-33.25352720857254
5.0,10.0,1.2,9,11.230085433107195,265.1751109733459,30.515167305226253,3,3,True,-4.746812048749027,10000.0,35.80304283442073,11123.00854331072,29.993055555555557,30d,-37.542665524732186
6.0,10.0,1.5,9,11.74392212869586,286.24253087192784,31.198394366052064,3,3,True,-4.148286231179421,10000.0,35.17259977741809,11174.392212869587,29.993055555555557,30d,-38.053669420382235
6.0,5.0,1.2,9,12.868937962653316,336.31864524515913,32.46900169471214,8,8,True,-3.4657143426159776,10000.0,48.63417328319021,11286.89379626533,29.993055555555557,30d,-38.83456457941489
8.0,5.0,1.5,9,10.62700067651745,241.79633551991705,30.977489997264705,8,8,True,-5.878307465476384,10000.0,45.91337530400752,11062.700067651745,29.993055555555557,30d,-38.8392343193796
8.0,3.0,1.5,9,9.931247197150771,216.53608506491784,30.97544426909572,11,11,True,-5.878307465476384,10000.0,51.85229130580055,10993.124719715077,29.993055555555557,30d,-39.531919206492816
6.0,3.0,1.2,9,11.29118663880262,267.62379984931243,32.46710144861594,13,13,True,-3.4657143426159776,10000.0,62.893209620870714,11129.118663880263,29.993055555555557,30d,-40.40946553412129
8.0,7.000000000000001,1.5,9,8.780092777443516,178.47590854299384,30.95397431419239,5,5,True,-5.886132204784722,10000.0,34.73996451485607,10878.009277744351,29.993055555555557,30d,-40.65086869384507
5.0,10.0,1.5,9,11.514219230511436,276.6905112486458,33.43031407848913,2,2,True,-0.818745343543037,10000.0,34.3564585847668,11151.421923051144,29.993055555555557,30d,-41.63125188722226
4.0,10.0,1.2,9,10.976658435061015,255.17774975085482,33.11569102620579,2,2,True,-3.492269251011104,10000.0,34.09602394107745,11097.665843506102,29.993055555555557,30d,-41.69687810424767
3.0,10.0,1.0,9,11.628906542362948,281.43225331478965,33.61469336884352,2,2,True,-3.3807108293085086,10000.0,36.409206248314234,11162.890654236295,29.993055555555557,30d,-41.79313351090233
6.0,7.000000000000001,1.2,9,9.79825154731444,211.90716704207824,32.44753754798215,5,5,True,-3.4657143426159776,10000.0,37.93858832850506,10979.825154731445,29.993055555555557,30d,-41.87305477465878
4.0,7.000000000000001,1.0,9,10.932436269386226,253.45920830226424,34.700882667313714,5,5,True,-3.593766410242716,9937.690437283483,42.3104220578291,11093.243626938623,29.993055555555557,30d,-44.11888773158434
4.0,10.0,1.5,9,10.642491816534406,242.3792454548584,35.3982733883624,1,1,True,0.6248409624394213,10000.0,30.133203610723726,11064.24918165344,29.993055555555557,30d,-45.45491826600919
6.0,7.000000000000001,1.5,9,12.564153000602118,322.1946959761176,36.829714300583085,4,4,True,-0.890498678605367,10000.0,40.21663143999627,11256.415300060213,29.993055555555557,30d,-45.68041845027251
5.0,7.000000000000001,1.2,9,10.486325389618422,236.54446074450829,35.449803639474666,5,5,True,-4.450514226367974,10000.0,40.45565318691456,11048.632538961841,29.993055555555557,30d,-45.68838006959358
4.0,5.0,1.0,9,9.274381686286226,194.2717189881086,34.74612422837112,6,6,True,-3.593766410242716,9948.7911628211,46.14845463209336,10927.438168628621,29.993055555555557,30d,-45.84480465627046
5.0,5.0,1.2,9,8.385617326936035,166.43237201552506,34.43786680245163,6,6,True,-4.501833175562442,10000.0,41.827158194292146,10838.561732693604,29.993055555555557,30d,-46.27118287674141
3.0,7.000000000000001,1.0,9,10.296686684881795,229.58181444836367,36.49650416363859,4,4,True,-3.0169901334182514,9937.690437283483,41.2461152111124,11029.668668488179,29.993055555555557,30d,-47.44806956057609
3.0,5.0,1.0,9,9.663126273122003,207.26782944076479,36.54234730079487,6,6,True,-3.2166122296334643,9948.7911628211,49.20270506288688,10966.3126273122,29.993055555555557,30d,-48.150394678070306
5.0,3.0,1.2,9,6.496034258299654,115.09672545418792,34.43638771738235,11,11,True,-4.501833175562442,10000.0,54.05297814110322,10649.603425829966,29.993055555555557,30d,-48.15854731777387
4.0,3.0,1.0,9,6.918849380865688,125.72285900414451,34.74173735718519,11,11,True,-3.9148721582788037,9947.513669740283,55.93876305266108,10691.884938086569,29.993055555555557,30d,-48.19375665491209
6.0,5.0,1.5,9,8.789041831674439,178.75483328499274,36.847746759241,6,6,True,-1.7923278665869402,10000.0,42.87150295630364,10878.904183167444,29.993055555555557,30d,-49.482578307187055
3.0,10.0,1.2,9,8.732064017737272,176.98331645577113,37.066169736077,1,1,True,-1.4595940363500648,10000.0,31.963872327079113,10873.206401773728,29.993055555555557,30d,-49.86719058637823
6.0,3.0,1.5,9,7.634293396220571,144.80657900361803,36.84598808029646,10,10,True,-1.7923278665869402,10000.0,53.769478522051884,10763.429339622056,29.993055555555557,30d,-50.63468872422412
5.0,5.0,1.5,9,7.768698562529797,148.5527833830232,37.656828811555485,6,6,True,-3.041673909016307,10000.0,43.84234870997997,10776.869856252979,29.993055555555557,30d,-51.71654465480343
3.0,3.0,1.0,9,5.591062261850865,93.87880105863924,36.53777165670697,10,10,True,-5.214247728536481,9947.513669740283,57.975444008532165,10559.106226185086,29.993055555555557,30d,-52.21559522320959
5.0,7.000000000000001,1.5,9,8.316773395359235,164.38020280386087,38.39079552882367,3,3,True,-3.041673909016307,10000.0,32.90840151787424,10831.677339535923,29.993055555555557,30d,-52.269419897876276
5.0,3.0,1.5,9,6.561680113338775,116.7158320594258,37.65553080184175,10,10,True,-3.041673909016307,10000.0,53.73409104111991,10656.168011333877,29.993055555555557,30d,-52.92161608942385
4.0,7.000000000000001,1.2,9,8.182402440141567,160.41647173100046,38.86514203557957,3,3,True,-2.1513378818680207,10000.0,33.474976044374436,10818.240244014156,29.993055555555557,30d,-53.115310613227784
4.0,3.0,1.2,9,6.896440774695889,125.14781643794821,38.874759341336414,9,9,True,-2.188731086054929,10000.0,53.74941105520704,10689.64407746959,29.993055555555557,30d,-54.41569823730873
4.0,5.0,1.2,9,6.816308088198264,123.10246002235496,38.87577835652789,4,4,True,-1.8773191537481582,10000.0,37.702948347560586,10681.630808819828,29.993055555555557,30d,-54.49735944659357
4.0,7.000000000000001,1.5,9,10.473732906508948,236.0779721476157,41.69852527776968,3,3,True,-0.09955555383590609,10000.0,39.33617262280775,11047.373290650894,29.993055555555557,30d,-55.07405501014558
3.0,5.0,1.2,9,6.076076957585963,104.99871378593019,39.81693121738559,3,3,True,-1.0574828557875726,10000.0,35.267706902887205,10607.607695758597,29.993055555555557,30d,-56.64931986849242
3.0,3.0,1.2,9,5.438710691631465,90.50184222653898,39.81595628504533,5,5,True,-1.0492078902450186,10000.0,41.61216793301906,10543.871069163146,29.993055555555557,30d,-57.28522373593653
4.0,5.0,1.5,9,7.523855623333997,141.7672679819205,41.70719311916283,3,3,True,0.05795269438790829,10000.0,39.00428673652247,10752.3855623334,29.993055555555557,30d,-58.03693405541024
3.0,5.0,1.5,9,6.610872607192131,117.93645222083029,41.81785154182601,3,3,True,-0.8266804816011164,10000.0,40.62136837737136,10661.087260719212,29.993055555555557,30d,-59.11590470554689
3.0,10.0,1.5,9,2.6489174972837315,37.46016681640987,39.20313831216534,1,1,True,-7.104603565877044,10000.0,32.08992539735695,10264.891749728373,29.993055555555557,30d,-59.15578997096428
4.0,3.0,1.5,9,5.833965508893413,99.37668747334794,41.70623788377922,6,6,True,-0.12565088800162716,10000.0,44.86047692971945,10583.396550889342,29.993055555555557,30d,-59.725391316775415
3.0,7.000000000000001,1.2,9,2.953522681691889,42.507267399896186,39.80415588700124,2,2,True,-4.972555735333262,10000.0,33.804819106530594,10295.352268169188,29.993055555555557,30d,-59.75271114880997
3.0,7.000000000000001,1.5,9,3.207412063772086,46.843399559256184,41.81044535508076,2,2,True,-4.6673520597160785,10000.0,33.78871320904561,10320.741206377208,29.993055555555557,30d,-62.508255968849056
3.0,3.0,1.5,9,0.25770071919577475,3.18161558993979,41.81703553553102,5,5,True,-4.882094988883823,10000.0,41.20573483198179,10025.770071919578,29.993055555555557,30d,-65.46785258410075
