symbol,entry_date,exit_date,qty,entry,exit,pnl
US.CVE,2026-04-13,2026-04-20,76,26.090361646349,24.545532524373,-117.4070132701758
US.GLW,2026-04-13,2026-04-20,11,169.241095339316,165.348671681133,-42.81666024001291
US.AAOI,2026-04-13,2026-04-24,6,148.67853,141.87798,-40.80329999999992
US.SNDK,2026-04-13,2026-04-27,1,867.9520849999999,1018.625355,150.67327000000012
US.ALM,2026-04-20,2026-04-27,58,23.063039999999997,21.508470000000003,-90.1650599999997
US.GEV,2026-04-20,2026-04-27,1,1006.7218455364069,1133.520592725027,126.79874718862004
US.AAOI,2026-04-27,2026-04-29,7,153.2531,143.58626999999998,-67.66781000000003
US.CIEN,2026-04-27,2026-05-04,3,516.33582,539.46,69.37254000000007
US.GLW,2026-04-27,2026-05-04,11,175.87506695158396,162.441529814052,-147.76890851285168
US.AAOI,2026-05-04,2026-05-11,6,187.98279499999995,152.10773999999998,-215.25032999999985
US.LITE,2026-04-13,2026-05-11,1,889.8889999999999,948.7652850000001,58.876285000000166
US.STM,2026-05-04,2026-05-18,36,56.214662142639,62.95575661461,242.6794009909561
US.WDC,2026-05-11,2026-05-18,4,489.22940000634696,484.567752071124,-18.646591740891836
US.AXTI,2026-04-27,2026-05-19,10,71.98190999999998,103.896,319.14090000000016
US.AAOI,2026-05-11,2026-05-19,8,152.41225999999997,167.177655,118.1231600000001
US.AMZN,2026-05-18,2026-06-01,8,264.12886499999996,266.01871500000004,15.118800000000647
US.MRVL,2026-05-04,2026-06-08,12,165.60462519801197,288.330178700502,1472.7066420298806
US.CRWD,2026-06-01,2026-06-08,12,184.13645249999996,168.20787375,-191.1429449999995
US.BB,2026-06-01,2026-06-15,246,9.299289999999997,9.390600000000001,22.462260000000875
US.SNDK,2026-06-08,2026-06-22,1,1635.6339999999998,2291.021685,655.3876850000004
US.STX,2026-06-01,2026-06-29,1,885.583897145948,915.07401,29.490112854052086
US.INTC,2026-06-15,2026-06-29,19,129.61948999999998,126.873,-52.18330999999962
US.VSH,2026-05-18,2026-07-01,58,37.765460584852,52.600669469208,860.4421152926479
US.ALAB,2026-06-22,2026-07-06,5,426.03560999999996,416.90268,-45.66464999999994
US.AMD,2026-06-08,2026-07-06,5,485.48499999999996,534.81465,246.64825000000036
US.UNH,2026-06-29,2026-07-06,6,424.3435906189479,420.477377226498,-23.197280354699615
US.PANW,2026-07-06,2026-07-13,7,339.29895999999997,324.779895,-101.63345499999969
US.ALAB,2026-07-06,2026-07-13,4,417.73731999999995,403.10649,-58.523319999999785
US.BB,2026-06-29,2026-07-14,184,11.326314999999997,10.67931,-119.04891999999968
US.CRWD,2026-07-13,2026-07-27,14,187.04685999999998,187.717095,9.383290000000272
US.MU,2026-07-27,2026-07-28,2,933.377445,838.77039,-189.2141099999999
US.DDOG,2026-07-06,2026-08-07,10,250.03478499999997,234.57519,-154.5959499999998
US.FTNT,2026-07-06,2026-08-17,17,154.899745,159.88995,84.83348500000005
US.CRWD,2026-08-03,2026-08-17,13,194.23403999999996,216.31347,287.03259000000037
US.JPM,2026-08-17,2026-08-24,7,362.30193999999995,352.9467,-65.48667999999947
US.SNOW,2026-07-13,2026-08-31,9,265.265,326.1735,548.1765
US.PANW,2026-07-20,2026-08-31,7,355.07472,369.63,101.88695999999987
US.ABBV,2026-08-24,2026-09-09,10,264.25399,247.48227,-167.71719999999988
US.PAYX,2026-08-17,2026-09-10,23,120.79066999999999,114.89499,-135.60063999999966
US.JNJ,2026-08-31,2026-09-14,10,267.39212499999996,270.729,33.368750000000205
US.BAC,2026-08-10,2026-09-15,42,62.90223019880799,59.305635,-151.05699834993555
US.JPM,2026-08-31,2026-09-17,7,356.25589999999994,351.892755,-30.542014999999424
US.QMCO,2026-09-14,2026-09-21,112,22.617594999999998,25.988985,377.5956800000002
