date,equity,holding
2024-09-25,100000.0,0
2024-09-26,100000.0,0
2024-09-27,100000.0,0
2024-09-30,100000.0,0
2024-10-01,100000.0,0
2024-10-02,100000.0,0
2024-10-03,100000.0,0
2024-10-04,100000.0,0
2024-10-07,100000.0,0
2024-10-08,100000.0,0
2024-10-09,100000.0,0
2024-10-10,100000.0,0
2024-10-11,100000.0,0
2024-10-14,100000.0,0
2024-10-15,100000.0,0
2024-10-16,100000.0,0
2024-10-17,100000.0,0
2024-10-18,100000.0,0
2024-10-21,100000.0,0
2024-10-22,100000.0,0
2024-10-23,100000.0,0
2024-10-24,100000.0,0
2024-10-25,100000.0,0
2024-10-28,100000.0,0
2024-10-29,100000.0,0
2024-10-30,100000.0,0
2024-10-31,100000.0,0
2024-11-01,100000.0,0
2024-11-04,100000.0,0
2024-11-05,100000.0,0
2024-11-06,100000.0,0
2024-11-07,100000.0,0
2024-11-08,100000.0,0
2024-11-11,100000.0,0
2024-11-12,100000.0,0
2024-11-13,100000.0,0
2024-11-14,100000.0,0
2024-11-15,100000.0,0
2024-11-18,100000.0,0
2024-11-19,100000.0,0
2024-11-20,100000.0,0
2024-11-21,100000.0,0
2024-11-22,100000.0,0
2024-11-25,100000.0,0
2024-11-26,100000.0,0
2024-11-27,100000.0,0
2024-11-29,100000.0,0
2024-12-02,100000.0,0
2024-12-03,100000.0,0
2024-12-04,100000.0,0
2024-12-05,100000.0,0
2024-12-06,100000.0,0
2024-12-09,100000.0,0
2024-12-10,100000.0,0
2024-12-11,100000.0,0
2024-12-12,100000.0,0
2024-12-13,100000.0,0
2024-12-16,100000.0,0
2024-12-17,100000.0,0
2024-12-18,100000.0,0
2024-12-19,100000.0,0
2024-12-20,100000.0,0
2024-12-23,100000.0,0
2024-12-24,100000.0,0
2024-12-26,100000.0,0
2024-12-27,100000.0,0
2024-12-30,100000.0,0
2024-12-31,100000.0,0
2025-01-02,100000.0,0
2025-01-03,100000.0,0
2025-01-06,100000.0,0
2025-01-07,100000.0,0
2025-01-08,100000.0,0
2025-01-10,100000.0,0
2025-01-13,100000.0,0
2025-01-14,100000.0,0
2025-01-15,100000.0,0
2025-01-16,100000.0,0
2025-01-17,100000.0,0
2025-01-21,100000.0,0
2025-01-22,100000.0,0
2025-01-23,103457.21169504167,1
2025-01-24,98032.02344803717,1
2025-01-27,79892.26288563022,1
2025-01-28,80739.65023159847,0
2025-01-29,80739.65023159847,0
2025-01-30,80739.65023159847,0
2025-01-31,80739.65023159847,0
2025-02-03,80739.65023159847,0
2025-02-04,80739.65023159847,0
2025-02-05,80739.65023159847,0
2025-02-06,80739.65023159847,0
2025-02-07,80739.65023159847,0
2025-02-10,80739.65023159847,0
2025-02-11,80739.65023159847,0
2025-02-12,80739.65023159847,0
2025-02-13,80739.65023159847,0
2025-02-14,80739.65023159847,0
2025-02-18,80739.65023159847,0
2025-02-19,80739.65023159847,0
2025-02-20,80739.65023159847,0
2025-02-21,80739.65023159847,0
2025-02-24,80739.65023159847,0
2025-02-25,80739.65023159847,0
2025-02-26,80739.65023159847,0
2025-02-27,80739.65023159847,0
2025-02-28,80739.65023159847,0
2025-03-03,80739.65023159847,0
2025-03-04,80739.65023159847,0
2025-03-05,80739.65023159847,0
2025-03-06,80739.65023159847,0
2025-03-07,80739.65023159847,0
2025-03-10,80739.65023159847,0
2025-03-11,80739.65023159847,0
2025-03-12,80739.65023159847,0
2025-03-13,80739.65023159847,0
2025-03-14,80739.65023159847,0
2025-03-17,80739.65023159847,0
2025-03-18,80739.65023159847,0
2025-03-19,80739.65023159847,0
2025-03-20,80739.65023159847,0
2025-03-21,80739.65023159847,0
2025-03-24,80739.65023159847,0
2025-03-25,80739.65023159847,0
2025-03-26,80739.65023159847,0
2025-03-27,80739.65023159847,0
2025-03-28,80739.65023159847,0
2025-03-31,80739.65023159847,0
2025-04-01,80739.65023159847,0
2025-04-02,80739.65023159847,0
2025-04-03,80739.65023159847,0
2025-04-04,80739.65023159847,0
2025-04-07,80739.65023159847,0
2025-04-08,80739.65023159847,0
2025-04-09,80739.65023159847,0
2025-04-10,80739.65023159847,0
2025-04-11,80739.65023159847,0
2025-04-14,80739.65023159847,0
2025-04-15,80739.65023159847,0
2025-04-16,80739.65023159847,0
2025-04-17,80739.65023159847,0
2025-04-21,80739.65023159847,0
2025-04-22,80739.65023159847,0
2025-04-23,80739.65023159847,0
2025-04-24,80739.65023159847,0
2025-04-25,80739.65023159847,0
2025-04-28,80739.65023159847,0
2025-04-29,80739.65023159847,0
2025-04-30,80739.65023159847,0
2025-05-01,80739.65023159847,0
2025-05-02,80739.65023159847,0
2025-05-05,80739.65023159847,0
2025-05-06,80739.65023159847,0
2025-05-07,80739.65023159847,0
2025-05-08,80739.65023159847,0
2025-05-09,80739.65023159847,0
2025-05-12,80739.65023159847,0
2025-05-13,80739.65023159847,0
2025-05-14,80739.65023159847,0
2025-05-15,80739.65023159847,0
2025-05-16,80739.65023159847,0
2025-05-19,80739.65023159847,0
2025-05-20,80739.65023159847,0
2025-05-21,80739.65023159847,0
2025-05-22,80739.65023159847,0
2025-05-23,80739.65023159847,0
2025-05-27,80739.65023159847,0
2025-05-28,80739.65023159847,0
2025-05-29,80739.65023159847,0
2025-05-30,80739.65023159847,0
2025-06-02,80739.65023159847,0
2025-06-03,80739.65023159847,0
2025-06-04,80739.65023159847,0
2025-06-05,80739.65023159847,0
2025-06-06,80739.65023159847,0
2025-06-09,80739.65023159847,0
2025-06-10,83926.25081765978,1
2025-06-11,83152.172453445,1
2025-06-12,83306.9869410599,1
2025-06-13,78198.06736678629,1
2025-06-16,83957.20897427056,1
2025-06-17,82470.98041134307,1
2025-06-18,83059.2802051919,1
2025-06-20,81820.75245199216,1
2025-06-23,82966.39388307906,1
2025-06-24,90539.07070505485,1
2025-06-25,92495.91184281633,1
2025-06-26,94421.70000572316,1
2025-06-27,94142.14619220846,1
2025-06-30,94142.14619220846,1
2025-07-01,92899.70126031045,1
2025-07-02,97061.8784483532,1
2025-07-03,98242.19965212126,1
2025-07-07,93707.29194757922,1
2025-07-08,98055.83439387163,1
2025-07-09,98925.54288313011,1
2025-07-10,101161.93783440627,1
2025-07-11,100913.44884802666,1
2025-07-14,98459.62973750601,1
2025-07-15,100913.44884802666,1
2025-07-16,100105.86408689813,1
2025-07-17,101006.63147715147,1
2025-07-18,101037.69037814633,1
2025-07-21,101565.72725190039,1
2025-07-22,97900.52803661683,1
2025-07-23,95739.76673541905,0
2025-07-24,95739.76673541905,0
2025-07-25,95739.76673541905,0
2025-07-28,95739.76673541905,0
2025-07-29,95739.76673541905,0
2025-07-30,95739.76673541905,0
2025-07-31,95739.76673541905,0
2025-08-01,95739.76673541905,0
2025-08-04,95739.76673541905,0
2025-08-05,95739.76673541905,0
2025-08-06,95739.76673541905,0
2025-08-07,95739.76673541905,0
2025-08-08,95739.76673541905,0
2025-08-11,95739.76673541905,0
2025-08-12,95739.76673541905,0
2025-08-13,95739.76673541905,0
2025-08-14,99200.58522723388,1
2025-08-15,93622.4798708377,1
2025-08-18,94057.84576143585,1
2025-08-19,90547.71540674055,1
2025-08-20,90122.93804675865,0
2025-08-21,90122.93804675865,0
2025-08-22,90122.93804675865,0
2025-08-25,90122.93804675865,0
2025-08-26,90122.93804675865,0
2025-08-27,90122.93804675865,0
2025-08-28,90122.93804675865,0
2025-08-29,90122.93804675865,0
2025-09-02,90122.93804675865,0
2025-09-03,90122.93804675865,0
2025-09-04,90122.93804675865,0
2025-09-05,90122.93804675865,0
2025-09-08,90122.93804675865,0
2025-09-09,90122.93804675865,0
2025-09-10,90122.93804675865,0
2025-09-11,90122.93804675865,0
2025-09-12,90122.93804675865,0
2025-09-15,90122.93804675865,0
2025-09-16,90407.12409219066,1
2025-09-17,90383.37815814534,1
2025-09-18,97911.35576195318,1
2025-09-19,96439.00817349677,1
2025-09-22,99787.40688319059,1
2025-09-23,99502.35599699967,1
2025-09-24,99264.81510210795,1
2025-09-25,98433.40384677834,1
2025-09-26,98837.23424201942,1
2025-09-29,98837.23424201942,1
2025-09-30,100785.09857726526,1
2025-10-01,105583.4989592332,1
2025-10-02,110856.99019258887,1
2025-10-03,108837.85633959208,1
2025-10-06,117104.40453196316,1
2025-10-07,110263.12889375527,1
2025-10-08,119646.1301660426,1
2025-10-09,118363.39664738129,1
2025-10-10,99288.56556695541,1
2025-10-13,108747.04307086184,0
2025-10-14,108747.04307086184,0
2025-10-15,108747.04307086184,0
2025-10-16,108747.04307086184,0
2025-10-17,108747.04307086184,0
2025-10-20,108747.04307086184,0
2025-10-21,108747.04307086184,0
2025-10-22,108747.04307086184,0
2025-10-23,108747.04307086184,0
2025-10-24,108747.04307086184,0
2025-10-27,108747.04307086184,0
2025-10-28,109633.29379118883,1
2025-10-29,114162.23716011914,1
2025-10-30,110438.02330956409,1
2025-10-31,111167.89260784315,1
2025-11-03,112665.06845351291,1
2025-11-04,101848.00937777288,1
2025-11-05,102553.14279185937,0
2025-11-06,102553.14279185937,0
2025-11-07,102553.14279185937,0
2025-11-10,102553.14279185937,0
2025-11-11,102553.14279185937,0
2025-11-12,102553.14279185937,0
2025-11-13,102553.14279185937,0
2025-11-14,102553.14279185937,0
2025-11-17,102553.14279185937,0
2025-11-18,102553.14279185937,0
2025-11-19,102553.14279185937,0
2025-11-20,102553.14279185937,0
2025-11-21,102553.14279185937,0
2025-11-24,102553.14279185937,0
2025-11-25,102553.14279185937,0
2025-11-26,102553.14279185937,0
2025-11-28,102553.14279185937,0
2025-12-01,102553.14279185937,0
2025-12-02,102553.14279185937,0
2025-12-03,102553.14279185937,0
2025-12-04,102553.14279185937,0
2025-12-05,102553.14279185937,0
2025-12-08,102553.14279185937,0
2025-12-09,102553.14279185937,0
2025-12-10,102553.14279185937,0
2025-12-11,102553.14279185937,0
2025-12-12,102553.14279185937,0
2025-12-15,102553.14279185937,0
2025-12-16,102553.14279185937,0
2025-12-17,102553.14279185937,0
2025-12-18,102553.14279185937,0
2025-12-19,102553.14279185937,0
2025-12-22,102553.14279185937,0
2025-12-23,102553.14279185937,0
2025-12-24,102553.14279185937,0
2025-12-26,102553.14279185937,0
2025-12-29,102553.14279185937,0
2025-12-30,102553.14279185937,0
2025-12-31,102553.14279185937,0
2026-01-02,102553.14279185937,0
2026-01-05,102553.14279185937,0
2026-01-06,102553.14279185937,0
2026-01-07,102612.4937751443,1
2026-01-08,98467.36334358383,1
2026-01-09,105218.90190950755,1
2026-01-12,106317.99097594945,1
2026-01-13,108547.56634855557,1
2026-01-14,107464.1818915284,1
2026-01-15,116129.76436402426,0
2026-01-16,115369.57775189915,1
2026-01-20,111107.45902843795,1
2026-01-21,114504.65880299873,0
2026-01-22,114504.65880299873,0
2026-01-23,114504.65880299873,0
2026-01-26,114504.65880299873,0
2026-01-27,114504.65880299873,0
2026-01-28,114504.65880299873,0
2026-01-29,114504.1384485657,1
2026-01-30,103221.09817279754,1
2026-02-02,100115.0620991819,0
2026-02-03,100115.0620991819,0
2026-02-04,100115.0620991819,0
2026-02-05,100115.0620991819,0
2026-02-06,100115.0620991819,0
2026-02-09,100115.0620991819,0
2026-02-10,100115.0620991819,0
2026-02-11,100115.0620991819,0
2026-02-12,100115.0620991819,0
2026-02-13,100115.0620991819,0
2026-02-17,100115.0620991819,0
2026-02-18,100115.0620991819,0
2026-02-19,100115.0620991819,0
2026-02-20,100115.0620991819,0
2026-02-23,100115.0620991819,0
2026-02-24,100115.0620991819,0
2026-02-25,100115.0620991819,0
2026-02-26,100115.0620991819,0
2026-02-27,100115.0620991819,0
2026-03-02,100115.0620991819,0
2026-03-03,100115.0620991819,0
2026-03-04,100115.0620991819,0
2026-03-05,100115.0620991819,0
2026-03-06,100115.0620991819,0
2026-03-09,100115.0620991819,0
2026-03-10,100115.0620991819,0
2026-03-11,100115.0620991819,0
2026-03-12,100115.0620991819,0
2026-03-13,100115.0620991819,0
2026-03-16,100115.0620991819,0
2026-03-17,100115.0620991819,0
2026-03-18,100115.0620991819,0
2026-03-19,100115.0620991819,0
2026-03-20,100115.0620991819,0
2026-03-23,100115.0620991819,0
2026-03-24,100115.0620991819,0
2026-03-25,100115.0620991819,0
2026-03-26,100115.0620991819,0
2026-03-27,100115.0620991819,0
2026-03-30,100115.0620991819,0
2026-03-31,100115.0620991819,0
2026-04-01,100115.0620991819,0
2026-04-02,100115.0620991819,0
2026-04-06,100115.0620991819,0
2026-04-07,100115.0620991819,0
2026-04-08,100115.0620991819,0
2026-04-09,100115.0620991819,0
2026-04-10,100115.0620991819,0
2026-04-13,100115.0620991819,0
2026-04-14,100115.0620991819,0
2026-04-15,100115.0620991819,0
2026-04-16,100115.0620991819,0
2026-04-17,101305.63040684408,1
2026-04-20,102387.34008124123,1
2026-04-21,104233.10615643194,1
2026-04-22,110714.7708361819,1
2026-04-23,116835.86125791803,1
2026-04-24,130185.51877604229,1
2026-04-27,125953.115413907,1
2026-04-28,114080.08254561515,1
2026-04-29,118445.75629792409,0
2026-04-30,118445.75629792409,0
2026-05-01,118445.75629792409,0
2026-05-04,115021.46146690547,1
2026-05-05,126915.06940098626,1
2026-05-06,142446.21784456726,1
2026-05-07,132600.51627417162,1
2026-05-08,150387.22107072372,1
2026-05-11,160039.58580552792,1
2026-05-12,147222.2768588597,1
2026-05-13,155614.39572603902,1
2026-05-14,157010.69303626262,1
2026-05-15,141250.4030207108,1
2026-05-18,147406.33253207023,0
2026-05-19,147406.33253207023,0
2026-05-20,147406.33253207023,0
2026-05-21,147406.33253207023,0
2026-05-22,147406.33253207023,0
2026-05-26,147406.33253207023,0
2026-05-27,135306.8058418419,1
2026-05-28,135695.67964129418,0
2026-05-29,135695.67964129418,0
2026-06-01,135695.67964129418,0
2026-06-02,135695.67964129418,0
2026-06-03,135228.9129533251,1
2026-06-04,128355.30787898214,1
2026-06-05,97470.30642615871,1
2026-06-08,108208.15192668936,0
2026-06-09,108208.15192668936,0
2026-06-10,108208.15192668936,0
2026-06-11,108208.15192668936,0
2026-06-12,108208.15192668936,0
2026-06-15,108208.15192668936,0
2026-06-16,108208.15192668936,0
2026-06-17,108208.15192668936,0
2026-06-18,108208.15192668936,0
2026-06-22,108208.15192668936,0
2026-06-23,106443.37210375305,1
2026-06-24,106977.23701367191,0
2026-06-25,106977.23701367191,0
2026-06-26,106977.23701367191,0
2026-06-29,106977.23701367191,0
2026-06-30,106977.23701367191,0
2026-07-01,106977.23701367191,0
2026-07-02,106977.23701367191,0
2026-07-06,106977.23701367191,0
2026-07-07,106977.23701367191,0
2026-07-08,106977.23701367191,0
2026-07-09,106977.23701367191,0
2026-07-10,106977.23701367191,0
2026-07-13,106977.23701367191,0
2026-07-14,106977.23701367191,0
2026-07-15,106977.23701367191,0
2026-07-16,106977.23701367191,0
2026-07-17,106977.23701367191,0
2026-07-20,106977.23701367191,0
2026-07-21,106977.23701367191,0
2026-07-22,106977.23701367191,0
2026-07-23,106977.23701367191,0
2026-07-24,106977.23701367191,0
2026-07-27,106977.23701367191,0
2026-07-28,106977.23701367191,0
2026-07-29,106977.23701367191,0
2026-07-30,106977.23701367191,0
2026-07-31,106977.23701367191,0
2026-08-03,106977.23701367191,0
2026-08-04,106977.23701367191,0
2026-08-05,106977.23701367191,0
2026-08-06,106977.23701367191,0
2026-08-07,106977.23701367191,0
2026-08-10,106977.23701367191,0
2026-08-11,106977.23701367191,0
2026-08-12,106977.23701367191,0
2026-08-13,106977.23701367191,0
2026-08-14,106977.23701367191,0
2026-08-17,106977.23701367191,0
2026-08-18,106977.23701367191,0
2026-08-19,106977.23701367191,0
2026-08-20,106977.23701367191,0
2026-08-21,106977.23701367191,0
2026-08-24,106977.23701367191,0
2026-08-25,106977.23701367191,0
2026-08-26,106977.23701367191,0
2026-08-27,106977.23701367191,0
2026-08-28,106977.23701367191,0
2026-08-31,106977.23701367191,0
2026-09-01,106977.23701367191,0
2026-09-02,106977.23701367191,0
2026-09-03,106977.23701367191,0
2026-09-04,106977.23701367191,0
2026-09-08,106977.23701367191,0
2026-09-09,106977.23701367191,0
2026-09-10,106977.23701367191,0
2026-09-11,106977.23701367191,0
2026-09-14,106977.23701367191,0
2026-09-15,106977.23701367191,0
2026-09-16,106977.23701367191,0
2026-09-17,106977.23701367191,0
2026-09-18,106977.23701367191,0
