entry,exit,entry_price,exit_price,pnl,trade_return_pct,reason
2025-01-23,2025-01-28,33.25501819892324,25.248727173100495,-19260.349768401524,-24.075437210501903,regime_break
2025-06-10,2025-07-23,20.78906745518036,25.616906579746075,15000.116503820573,23.222971087924794,ema_exit
2025-08-14,2025-08-20,28.139945330457305,26.076314176719407,-5616.828688660404,-7.333458290355399,regime_break
2025-09-16,2025-10-13,30.35151077322934,38.19176954269409,18624.10502410319,25.831527227896743,regime_break
2025-10-28,2025-11-05,46.48643862533569,43.17678121948242,-6193.900279002468,-7.119619191583892,regime_break
2026-01-07,2026-01-15,52.25220076370238,60.89903908538818,13576.621572164891,16.548275853086025,regime_break
2026-01-16,2026-01-21,61.251188625335686,60.17976167678833,-1625.105561025528,-1.749234541554956,regime_break
2026-01-29,2026-02-02,70.47040152740477,59.40053908538818,-14389.596703816831,-15.708527554950436,regime_break
2026-04-17,2026-04-29,93.29319694519043,114.64524213409425,18330.69419874219,22.887033447302805,trail_exit
2026-05-04,2026-05-18,132.33219694519042,172.77704695129395,28960.576234146123,30.563121401857373,ema_exit
2026-05-27,2026-05-28,242.90266366577143,218.781,-11710.652890776037,-9.930588368912364,hard_stop
2026-06-03,2026-06-08,281.7514712219238,210.40937512207032,-27487.527714604817,-25.320931170457072,regime_break
2026-06-23,2026-06-24,236.23599999999996,232.87689060974122,-1230.9149130174483,-1.4219295070432736,regime_break
