entry,exit,pnl,trade_return_pct,reason
2025-06-10 10:30:00-04:00,2025-07-25 09:30:00-04:00,13450.125370859168,16.812656713573972,regime
2025-08-13 10:30:00-04:00,2025-08-19 13:30:00-04:00,-7713.628277852884,-8.498919957820306,stop
2025-08-25 10:30:00-04:00,2025-08-26 09:30:00-04:00,448.77700673068466,0.5305370178093849,regime
2025-09-11 10:30:00-04:00,2025-10-10 11:30:00-04:00,24773.68131809814,29.163273260034252,trail
2025-10-16 10:30:00-04:00,2025-10-22 11:30:00-04:00,-9402.340853312926,-8.974511158204102,stop
2025-10-28 10:30:00-04:00,2025-11-04 15:30:00-05:00,-5832.416708038494,-5.9976340334637275,trail
2025-12-02 10:30:00-05:00,2025-12-12 10:30:00-05:00,419.11860413577233,0.4527127989423896,trail
2025-12-26 10:30:00-05:00,2026-01-02 09:30:00-05:00,1275.3146302549285,1.3725656683474918,regime
2026-01-09 10:30:00-05:00,2026-01-15 09:30:00-05:00,13822.256462813442,14.714718114150816,regime
2026-01-23 10:30:00-05:00,2026-01-30 15:30:00-05:00,-4294.814137658002,-4.09058318039518,trail
2026-04-17 10:30:00-04:00,2026-04-28 10:30:00-04:00,18242.9833552059,17.963319841547687,trail
2026-05-04 10:30:00-04:00,2026-05-12 11:30:00-04:00,23364.23889366984,20.115358048715805,trail
2026-05-21 10:30:00-04:00,2026-06-04 10:30:00-04:00,60470.09036474954,44.8449332644375,trail
2026-06-15 10:30:00-04:00,2026-06-16 11:30:00-04:00,-15422.30859928066,-8.417431111862372,stop
2026-06-22 10:30:00-04:00,2026-06-23 10:30:00-04:00,-29700.745789322595,-17.380966745710737,trail
2026-06-30 13:30:00-04:00,2026-07-01 10:30:00-04:00,-15770.314345177176,-10.71933517224336,stop
